# source_api_id	status	crystal_refs	notes
benches/bert_benchmark.rs::func::bench_bert	missing	-	baseline
benches/layout_benchmark.rs::func::bench_layout	missing	-	baseline
benches/llama3_benchmark.rs::func::llama3	missing	-	baseline
examples/unstable_wasm/src/lib.rs::func::tokenize	missing	-	baseline
examples/unstable_wasm/src/utils.rs::func::set_panic_hook	missing	-	baseline
src/decoders/bpe.rs::func::new	missing	-	baseline
src/decoders/bpe.rs::method::BPEDecoder.new	missing	-	baseline
src/decoders/bpe.rs::struct::BPEDecoder	missing	-	baseline
src/decoders/byte_fallback.rs::func::new	missing	-	baseline
src/decoders/byte_fallback.rs::method::ByteFallback.new	missing	-	baseline
src/decoders/byte_fallback.rs::struct::ByteFallback	missing	-	baseline
src/decoders/ctc.rs::func::new	missing	-	baseline
src/decoders/ctc.rs::method::CTC.new	missing	-	baseline
src/decoders/ctc.rs::struct::CTC	missing	-	baseline
src/decoders/fuse.rs::func::new	missing	-	baseline
src/decoders/fuse.rs::method::Fuse.new	missing	-	baseline
src/decoders/fuse.rs::struct::Fuse	missing	-	baseline
src/decoders/mod.rs::enum::DecoderHelper	missing	-	baseline
src/decoders/mod.rs::enum::DecoderUntagged	missing	-	baseline
src/decoders/mod.rs::enum::DecoderWrapper	missing	-	baseline
src/decoders/mod.rs::enum::EnumType	missing	-	baseline
src/decoders/mod.rs::struct::Tagged	missing	-	baseline
src/decoders/sequence.rs::func::get_decoders	missing	-	baseline
src/decoders/sequence.rs::func::get_decoders_mut	missing	-	baseline
src/decoders/sequence.rs::func::new	missing	-	baseline
src/decoders/sequence.rs::method::Sequence.new	missing	-	baseline
src/decoders/sequence.rs::struct::Sequence	missing	-	baseline
src/decoders/strip.rs::func::new	missing	-	baseline
src/decoders/strip.rs::method::Strip.new	missing	-	baseline
src/decoders/strip.rs::struct::Strip	missing	-	baseline
src/decoders/wordpiece.rs::func::cleanup	missing	-	baseline
src/decoders/wordpiece.rs::func::new	missing	-	baseline
src/decoders/wordpiece.rs::method::WordPiece.new	missing	-	baseline
src/decoders/wordpiece.rs::struct::WordPiece	missing	-	baseline
src/models/bpe/mod.rs::enum::Error	missing	-	baseline
src/models/bpe/model.rs::func::build	missing	-	baseline
src/models/bpe/model.rs::func::builder	missing	-	baseline
src/models/bpe/model.rs::func::byte_fallback	missing	-	baseline
src/models/bpe/model.rs::func::cache_capacity	missing	-	baseline
src/models/bpe/model.rs::func::clear_cache	missing	-	baseline
src/models/bpe/model.rs::func::continuing_subword_prefix	missing	-	baseline
src/models/bpe/model.rs::func::dropout	missing	-	baseline
src/models/bpe/model.rs::func::end_of_word_suffix	missing	-	baseline
src/models/bpe/model.rs::func::files	missing	-	baseline
src/models/bpe/model.rs::func::from_file	missing	-	baseline
src/models/bpe/model.rs::func::fuse_unk	missing	-	baseline
src/models/bpe/model.rs::func::get_continuing_subword_prefix	missing	-	baseline
src/models/bpe/model.rs::func::get_unk_token	missing	-	baseline
src/models/bpe/model.rs::func::get_vocab	missing	-	baseline
src/models/bpe/model.rs::func::ignore_merges	missing	-	baseline
src/models/bpe/model.rs::func::new	missing	-	baseline
src/models/bpe/model.rs::func::read_file	missing	-	baseline
src/models/bpe/model.rs::func::resize_cache	missing	-	baseline
src/models/bpe/model.rs::func::unk_token	missing	-	baseline
src/models/bpe/model.rs::method::BPE.builder	missing	-	baseline
src/models/bpe/model.rs::method::BpeBuilder.new	missing	-	baseline
src/models/bpe/model.rs::struct::BPE	missing	-	baseline
src/models/bpe/model.rs::struct::BpeBuilder	missing	-	baseline
src/models/bpe/model.rs::type::MergeMap	missing	-	baseline
src/models/bpe/model.rs::type::Merges	missing	-	baseline
src/models/bpe/model.rs::type::Vocab	missing	-	baseline
src/models/bpe/trainer.rs::func::build	missing	-	baseline
src/models/bpe/trainer.rs::func::builder	missing	-	baseline
src/models/bpe/trainer.rs::func::continuing_subword_prefix	missing	-	baseline
src/models/bpe/trainer.rs::func::do_train	missing	-	baseline
src/models/bpe/trainer.rs::func::end_of_word_suffix	missing	-	baseline
src/models/bpe/trainer.rs::func::get_word_count	missing	-	baseline
src/models/bpe/trainer.rs::func::initial_alphabet	missing	-	baseline
src/models/bpe/trainer.rs::func::limit_alphabet	missing	-	baseline
src/models/bpe/trainer.rs::func::max_token_length	missing	-	baseline
src/models/bpe/trainer.rs::func::min_frequency	missing	-	baseline
src/models/bpe/trainer.rs::func::new	missing	-	baseline
src/models/bpe/trainer.rs::func::progress_format	missing	-	baseline
src/models/bpe/trainer.rs::func::show_progress	missing	-	baseline
src/models/bpe/trainer.rs::func::special_tokens	missing	-	baseline
src/models/bpe/trainer.rs::func::vocab_size	missing	-	baseline
src/models/bpe/trainer.rs::method::BpeTrainer.new	missing	-	baseline
src/models/bpe/trainer.rs::method::BpeTrainerBuilder.new	missing	-	baseline
src/models/bpe/trainer.rs::struct::BpeTrainer	missing	-	baseline
src/models/bpe/trainer.rs::struct::BpeTrainerBuilder	missing	-	baseline
src/models/bpe/word.rs::func::merge_with	missing	-	baseline
src/models/bpe/word.rs::method::Symbol.merge_with	missing	-	baseline
src/models/mod.rs::enum::EnumType	missing	-	baseline
src/models/mod.rs::enum::ModelHelper	missing	-	baseline
src/models/mod.rs::enum::ModelUntagged	missing	-	baseline
src/models/mod.rs::enum::ModelWrapper	missing	-	baseline
src/models/mod.rs::enum::TrainerWrapper	missing	-	baseline
src/models/mod.rs::func::clear_cache	missing	-	baseline
src/models/mod.rs::func::resize_cache	missing	-	baseline
src/models/mod.rs::method::ModelWrapper.clear_cache	missing	-	baseline
src/models/mod.rs::struct::Tagged	missing	-	baseline
src/models/unigram/lattice.rs::func::bos_node	missing	-	baseline
src/models/unigram/lattice.rs::func::eos_node	missing	-	baseline
src/models/unigram/lattice.rs::func::from	missing	-	baseline
src/models/unigram/lattice.rs::func::insert	missing	-	baseline
src/models/unigram/lattice.rs::func::is_empty	missing	-	baseline
src/models/unigram/lattice.rs::func::len	missing	-	baseline
src/models/unigram/lattice.rs::func::nbest	missing	-	baseline
src/models/unigram/lattice.rs::func::nbest_tokens	missing	-	baseline
src/models/unigram/lattice.rs::func::new	missing	-	baseline
src/models/unigram/lattice.rs::func::piece	missing	-	baseline
src/models/unigram/lattice.rs::func::populate_marginal	missing	-	baseline
src/models/unigram/lattice.rs::func::sample	missing	-	baseline
src/models/unigram/lattice.rs::func::sample_nbest	missing	-	baseline
src/models/unigram/lattice.rs::func::sample_token	missing	-	baseline
src/models/unigram/lattice.rs::func::sentence	missing	-	baseline
src/models/unigram/lattice.rs::func::surface	missing	-	baseline
src/models/unigram/lattice.rs::func::tokens	missing	-	baseline
src/models/unigram/lattice.rs::func::viterbi	missing	-	baseline
src/models/unigram/lattice.rs::method::Hypothesis.new	missing	-	baseline
src/models/unigram/lattice.rs::method::Lattice.from	missing	-	baseline
src/models/unigram/lattice.rs::method::Node.new	missing	-	baseline
src/models/unigram/lattice.rs::struct::Lattice	missing	-	baseline
src/models/unigram/lattice.rs::struct::Node	missing	-	baseline
src/models/unigram/model.rs::enum::UnigramError	missing	-	baseline
src/models/unigram/model.rs::func::byte_fallback	missing	-	baseline
src/models/unigram/model.rs::func::clear_cache	missing	-	baseline
src/models/unigram/model.rs::func::encode	missing	-	baseline
src/models/unigram/model.rs::func::from	missing	-	baseline
src/models/unigram/model.rs::func::iter	missing	-	baseline
src/models/unigram/model.rs::func::resize_cache	missing	-	baseline
src/models/unigram/model.rs::method::Unigram.from	missing	-	baseline
src/models/unigram/model.rs::struct::Unigram	missing	-	baseline
src/models/unigram/model.rs::struct::UnigramIterator	missing	-	baseline
src/models/unigram/trainer.rs::enum::UnigramTrainerError	missing	-	baseline
src/models/unigram/trainer.rs::func::builder	missing	-	baseline
src/models/unigram/trainer.rs::func::do_train	missing	-	baseline
src/models/unigram/trainer.rs::method::UnigramTrainer.builder	missing	-	baseline
src/models/unigram/trainer.rs::struct::UnigramTrainer	missing	-	baseline
src/models/unigram/trie.rs::func::build	missing	-	baseline
src/models/unigram/trie.rs::func::push	missing	-	baseline
src/models/unigram/trie.rs::method::Trie.push	missing	-	baseline
src/models/unigram/trie.rs::method::TrieBuilder.push	missing	-	baseline
src/models/unigram/trie.rs::struct::Node	missing	-	baseline
src/models/unigram/trie.rs::struct::Trie	missing	-	baseline
src/models/unigram/trie.rs::struct::TrieBuilder	missing	-	baseline
src/models/unigram/trie.rs::struct::TrieIterator	missing	-	baseline
src/models/wordlevel/mod.rs::enum::Error	missing	-	baseline
src/models/wordlevel/mod.rs::func::build	missing	-	baseline
src/models/wordlevel/mod.rs::func::builder	missing	-	baseline
src/models/wordlevel/mod.rs::func::files	missing	-	baseline
src/models/wordlevel/mod.rs::func::from_file	missing	-	baseline
src/models/wordlevel/mod.rs::func::new	missing	-	baseline
src/models/wordlevel/mod.rs::func::read_file	missing	-	baseline
src/models/wordlevel/mod.rs::func::unk_token	missing	-	baseline
src/models/wordlevel/mod.rs::func::vocab	missing	-	baseline
src/models/wordlevel/mod.rs::method::WordLevel.builder	missing	-	baseline
src/models/wordlevel/mod.rs::method::WordLevelBuilder.new	missing	-	baseline
src/models/wordlevel/mod.rs::struct::WordLevel	missing	-	baseline
src/models/wordlevel/mod.rs::struct::WordLevelBuilder	missing	-	baseline
src/models/wordlevel/trainer.rs::func::builder	missing	-	baseline
src/models/wordlevel/trainer.rs::method::WordLevelTrainer.builder	missing	-	baseline
src/models/wordlevel/trainer.rs::struct::WordLevelTrainer	missing	-	baseline
src/models/wordpiece/mod.rs::enum::Error	missing	-	baseline
src/models/wordpiece/mod.rs::func::build	missing	-	baseline
src/models/wordpiece/mod.rs::func::builder	missing	-	baseline
src/models/wordpiece/mod.rs::func::continuing_subword_prefix	missing	-	baseline
src/models/wordpiece/mod.rs::func::files	missing	-	baseline
src/models/wordpiece/mod.rs::func::from_bpe	missing	-	baseline
src/models/wordpiece/mod.rs::func::from_file	missing	-	baseline
src/models/wordpiece/mod.rs::func::max_input_chars_per_word	missing	-	baseline
src/models/wordpiece/mod.rs::func::new	missing	-	baseline
src/models/wordpiece/mod.rs::func::read_bytes	missing	-	baseline
src/models/wordpiece/mod.rs::func::read_file	missing	-	baseline
src/models/wordpiece/mod.rs::func::unk_token	missing	-	baseline
src/models/wordpiece/mod.rs::method::WordPiece.builder	missing	-	baseline
src/models/wordpiece/mod.rs::method::WordPieceBuilder.new	missing	-	baseline
src/models/wordpiece/mod.rs::struct::WordPiece	missing	-	baseline
src/models/wordpiece/mod.rs::struct::WordPieceBuilder	missing	-	baseline
src/models/wordpiece/trainer.rs::func::build	missing	-	baseline
src/models/wordpiece/trainer.rs::func::builder	missing	-	baseline
src/models/wordpiece/trainer.rs::func::continuing_subword_prefix	missing	-	baseline
src/models/wordpiece/trainer.rs::func::end_of_word_suffix	missing	-	baseline
src/models/wordpiece/trainer.rs::func::initial_alphabet	missing	-	baseline
src/models/wordpiece/trainer.rs::func::limit_alphabet	missing	-	baseline
src/models/wordpiece/trainer.rs::func::min_frequency	missing	-	baseline
src/models/wordpiece/trainer.rs::func::new	missing	-	baseline
src/models/wordpiece/trainer.rs::func::set_continuing_subword_prefix	missing	-	baseline
src/models/wordpiece/trainer.rs::func::set_end_of_word_suffix	missing	-	baseline
src/models/wordpiece/trainer.rs::func::set_initial_alphabet	missing	-	baseline
src/models/wordpiece/trainer.rs::func::set_limit_alphabet	missing	-	baseline
src/models/wordpiece/trainer.rs::func::set_min_frequency	missing	-	baseline
src/models/wordpiece/trainer.rs::func::set_show_progress	missing	-	baseline
src/models/wordpiece/trainer.rs::func::set_special_tokens	missing	-	baseline
src/models/wordpiece/trainer.rs::func::set_vocab_size	missing	-	baseline
src/models/wordpiece/trainer.rs::func::show_progress	missing	-	baseline
src/models/wordpiece/trainer.rs::func::special_tokens	missing	-	baseline
src/models/wordpiece/trainer.rs::func::train	missing	-	baseline
src/models/wordpiece/trainer.rs::func::vocab_size	missing	-	baseline
src/models/wordpiece/trainer.rs::method::WordPieceTrainer.min_frequency	missing	-	baseline
src/models/wordpiece/trainer.rs::method::WordPieceTrainerBuilder.new	missing	-	baseline
src/models/wordpiece/trainer.rs::struct::WordPieceTrainer	missing	-	baseline
src/models/wordpiece/trainer.rs::struct::WordPieceTrainerBuilder	missing	-	baseline
src/normalizers/bert.rs::func::new	missing	-	baseline
src/normalizers/bert.rs::method::BertNormalizer.new	missing	-	baseline
src/normalizers/bert.rs::struct::BertNormalizer	missing	-	baseline
src/normalizers/byte_level.rs::func::alphabet	missing	-	baseline
src/normalizers/byte_level.rs::func::new	missing	-	baseline
src/normalizers/byte_level.rs::method::ByteLevel.new	missing	-	baseline
src/normalizers/byte_level.rs::struct::ByteLevel	missing	-	baseline
src/normalizers/mod.rs::enum::EnumType	missing	-	baseline
src/normalizers/mod.rs::enum::NormalizerHelper	missing	-	baseline
src/normalizers/mod.rs::enum::NormalizerUntagged	missing	-	baseline
src/normalizers/mod.rs::enum::NormalizerWrapper	missing	-	baseline
src/normalizers/mod.rs::struct::Tagged	missing	-	baseline
src/normalizers/prepend.rs::func::new	missing	-	baseline
src/normalizers/prepend.rs::method::Prepend.new	missing	-	baseline
src/normalizers/prepend.rs::struct::Prepend	missing	-	baseline
src/normalizers/replace.rs::enum::ReplacePattern	missing	-	baseline
src/normalizers/replace.rs::struct::Replace	missing	-	baseline
src/normalizers/strip.rs::func::new	missing	-	baseline
src/normalizers/strip.rs::method::Strip.new	missing	-	baseline
src/normalizers/strip.rs::struct::Strip	missing	-	baseline
src/normalizers/strip.rs::struct::StripAccents	missing	-	baseline
src/normalizers/unicode.rs::struct::NFC	missing	-	baseline
src/normalizers/unicode.rs::struct::NFD	missing	-	baseline
src/normalizers/unicode.rs::struct::NFKC	missing	-	baseline
src/normalizers/unicode.rs::struct::NFKD	missing	-	baseline
src/normalizers/unicode.rs::struct::Nmt	missing	-	baseline
src/normalizers/utils.rs::func::new	missing	-	baseline
src/normalizers/utils.rs::method::Sequence.new	missing	-	baseline
src/normalizers/utils.rs::struct::Lowercase	missing	-	baseline
src/normalizers/utils.rs::struct::Sequence	missing	-	baseline
src/pre_tokenizers/bert.rs::struct::BertPreTokenizer	missing	-	baseline
src/pre_tokenizers/byte_level.rs::func::add_prefix_space	missing	-	baseline
src/pre_tokenizers/byte_level.rs::func::alphabet	missing	-	baseline
src/pre_tokenizers/byte_level.rs::func::new	missing	-	baseline
src/pre_tokenizers/byte_level.rs::func::process_offsets	missing	-	baseline
src/pre_tokenizers/byte_level.rs::func::trim_offsets	missing	-	baseline
src/pre_tokenizers/byte_level.rs::func::use_regex	missing	-	baseline
src/pre_tokenizers/byte_level.rs::method::ByteLevel.new	missing	-	baseline
src/pre_tokenizers/byte_level.rs::struct::ByteLevel	missing	-	baseline
src/pre_tokenizers/delimiter.rs::func::new	missing	-	baseline
src/pre_tokenizers/delimiter.rs::method::CharDelimiterSplit.new	missing	-	baseline
src/pre_tokenizers/delimiter.rs::struct::CharDelimiterSplit	missing	-	baseline
src/pre_tokenizers/digits.rs::func::new	missing	-	baseline
src/pre_tokenizers/digits.rs::method::Digits.new	missing	-	baseline
src/pre_tokenizers/digits.rs::struct::Digits	missing	-	baseline
src/pre_tokenizers/fixed_length.rs::func::new	missing	-	baseline
src/pre_tokenizers/fixed_length.rs::method::FixedLength.new	missing	-	baseline
src/pre_tokenizers/fixed_length.rs::struct::FixedLength	missing	-	baseline
src/pre_tokenizers/metaspace.rs::enum::PrependScheme	missing	-	baseline
src/pre_tokenizers/metaspace.rs::func::get_prepend_scheme	missing	-	baseline
src/pre_tokenizers/metaspace.rs::func::get_replacement	missing	-	baseline
src/pre_tokenizers/metaspace.rs::func::get_split	missing	-	baseline
src/pre_tokenizers/metaspace.rs::func::new	missing	-	baseline
src/pre_tokenizers/metaspace.rs::func::set_prepend_scheme	missing	-	baseline
src/pre_tokenizers/metaspace.rs::func::set_replacement	missing	-	baseline
src/pre_tokenizers/metaspace.rs::func::set_split	missing	-	baseline
src/pre_tokenizers/metaspace.rs::method::Metaspace.new	missing	-	baseline
src/pre_tokenizers/metaspace.rs::struct::Metaspace	missing	-	baseline
src/pre_tokenizers/metaspace.rs::struct::MetaspaceHelper	missing	-	baseline
src/pre_tokenizers/mod.rs::enum::EnumType	missing	-	baseline
src/pre_tokenizers/mod.rs::enum::PreTokenizerHelper	missing	-	baseline
src/pre_tokenizers/mod.rs::enum::PreTokenizerUntagged	missing	-	baseline
src/pre_tokenizers/mod.rs::enum::PreTokenizerWrapper	missing	-	baseline
src/pre_tokenizers/mod.rs::struct::Tagged	missing	-	baseline
src/pre_tokenizers/punctuation.rs::func::new	missing	-	baseline
src/pre_tokenizers/punctuation.rs::method::Punctuation.new	missing	-	baseline
src/pre_tokenizers/punctuation.rs::struct::Punctuation	missing	-	baseline
src/pre_tokenizers/sequence.rs::func::new	missing	-	baseline
src/pre_tokenizers/sequence.rs::method::Sequence.new	missing	-	baseline
src/pre_tokenizers/sequence.rs::struct::Sequence	missing	-	baseline
src/pre_tokenizers/split.rs::enum::SplitPattern	missing	-	baseline
src/pre_tokenizers/split.rs::struct::Split	missing	-	baseline
src/pre_tokenizers/split.rs::struct::SplitHelper	missing	-	baseline
src/pre_tokenizers/unicode_scripts/pre_tokenizer.rs::func::new	missing	-	baseline
src/pre_tokenizers/unicode_scripts/pre_tokenizer.rs::method::UnicodeScripts.new	missing	-	baseline
src/pre_tokenizers/unicode_scripts/pre_tokenizer.rs::struct::UnicodeScripts	missing	-	baseline
src/pre_tokenizers/unicode_scripts/scripts.rs::enum::Script	missing	-	baseline
src/pre_tokenizers/unicode_scripts/scripts.rs::func::get_script	missing	-	baseline
src/pre_tokenizers/whitespace.rs::struct::Whitespace	missing	-	baseline
src/pre_tokenizers/whitespace.rs::struct::WhitespaceSplit	missing	-	baseline
src/processors/bert.rs::enum::BertProcessorError	missing	-	baseline
src/processors/bert.rs::func::get_cls_copy	missing	-	baseline
src/processors/bert.rs::func::get_sep_copy	missing	-	baseline
src/processors/bert.rs::func::new	missing	-	baseline
src/processors/bert.rs::method::BertProcessing.new	missing	-	baseline
src/processors/bert.rs::struct::BertProcessing	missing	-	baseline
src/processors/mod.rs::enum::PostProcessorWrapper	missing	-	baseline
src/processors/roberta.rs::func::add_prefix_space	missing	-	baseline
src/processors/roberta.rs::func::get_cls_copy	missing	-	baseline
src/processors/roberta.rs::func::get_sep_copy	missing	-	baseline
src/processors/roberta.rs::func::new	missing	-	baseline
src/processors/roberta.rs::func::trim_offsets	missing	-	baseline
src/processors/roberta.rs::method::RobertaProcessing.new	missing	-	baseline
src/processors/roberta.rs::struct::RobertaProcessing	missing	-	baseline
src/processors/sequence.rs::func::get	missing	-	baseline
src/processors/sequence.rs::func::get_mut	missing	-	baseline
src/processors/sequence.rs::func::new	missing	-	baseline
src/processors/sequence.rs::func::set_mut	missing	-	baseline
src/processors/sequence.rs::method::Sequence.new	missing	-	baseline
src/processors/sequence.rs::struct::Sequence	missing	-	baseline
src/processors/template.rs::enum::Piece	missing	-	baseline
src/processors/template.rs::enum::Sequence	missing	-	baseline
src/processors/template.rs::func::builder	missing	-	baseline
src/processors/template.rs::func::get_added_pair	missing	-	baseline
src/processors/template.rs::func::get_added_single	missing	-	baseline
src/processors/template.rs::func::get_pair	missing	-	baseline
src/processors/template.rs::func::get_single	missing	-	baseline
src/processors/template.rs::func::get_special_tokens	missing	-	baseline
src/processors/template.rs::func::new	missing	-	baseline
src/processors/template.rs::func::set_added_pair	missing	-	baseline
src/processors/template.rs::func::set_added_single	missing	-	baseline
src/processors/template.rs::func::set_pair	missing	-	baseline
src/processors/template.rs::func::set_single	missing	-	baseline
src/processors/template.rs::func::set_special_tokens	missing	-	baseline
src/processors/template.rs::method::SpecialToken.new	missing	-	baseline
src/processors/template.rs::method::TemplateProcessing.builder	missing	-	baseline
src/processors/template.rs::method::TemplateProcessing.get_single	missing	-	baseline
src/processors/template.rs::struct::SpecialToken	missing	-	baseline
src/processors/template.rs::struct::Template	missing	-	baseline
src/processors/template.rs::struct::TemplateProcessing	missing	-	baseline
src/processors/template.rs::struct::Tokens	missing	-	baseline
src/tokenizer/added_vocabulary.rs::func::get_added_tokens_decoder	missing	-	baseline
src/tokenizer/added_vocabulary.rs::func::get_encode_special_tokens	missing	-	baseline
src/tokenizer/added_vocabulary.rs::func::get_vocab	missing	-	baseline
src/tokenizer/added_vocabulary.rs::func::id_to_token	missing	-	baseline
src/tokenizer/added_vocabulary.rs::func::is_empty	missing	-	baseline
src/tokenizer/added_vocabulary.rs::func::is_special_token	missing	-	baseline
src/tokenizer/added_vocabulary.rs::func::len	missing	-	baseline
src/tokenizer/added_vocabulary.rs::func::lstrip	missing	-	baseline
src/tokenizer/added_vocabulary.rs::func::new	missing	-	baseline
src/tokenizer/added_vocabulary.rs::func::normalized	missing	-	baseline
src/tokenizer/added_vocabulary.rs::func::rstrip	missing	-	baseline
src/tokenizer/added_vocabulary.rs::func::set_encode_special_tokens	missing	-	baseline
src/tokenizer/added_vocabulary.rs::func::simple_id_to_token	missing	-	baseline
src/tokenizer/added_vocabulary.rs::func::single_word	missing	-	baseline
src/tokenizer/added_vocabulary.rs::func::special	missing	-	baseline
src/tokenizer/added_vocabulary.rs::func::token_to_id	missing	-	baseline
src/tokenizer/added_vocabulary.rs::method::AddedVocabulary.new	missing	-	baseline
src/tokenizer/added_vocabulary.rs::struct::AddedToken	missing	-	baseline
src/tokenizer/added_vocabulary.rs::struct::AddedVocabulary	missing	-	baseline
src/tokenizer/encoding.rs::func::char_to_token	missing	-	baseline
src/tokenizer/encoding.rs::func::char_to_word	missing	-	baseline
src/tokenizer/encoding.rs::func::from_tokens	missing	-	baseline
src/tokenizer/encoding.rs::func::get_attention_mask	missing	-	baseline
src/tokenizer/encoding.rs::func::get_ids	missing	-	baseline
src/tokenizer/encoding.rs::func::get_offsets	missing	-	baseline
src/tokenizer/encoding.rs::func::get_offsets_mut	missing	-	baseline
src/tokenizer/encoding.rs::func::get_overflowing	missing	-	baseline
src/tokenizer/encoding.rs::func::get_overflowing_mut	missing	-	baseline
src/tokenizer/encoding.rs::func::get_sequence_ids	missing	-	baseline
src/tokenizer/encoding.rs::func::get_special_tokens_mask	missing	-	baseline
src/tokenizer/encoding.rs::func::get_tokens	missing	-	baseline
src/tokenizer/encoding.rs::func::get_type_ids	missing	-	baseline
src/tokenizer/encoding.rs::func::get_word_ids	missing	-	baseline
src/tokenizer/encoding.rs::func::get_word_ids_mut	missing	-	baseline
src/tokenizer/encoding.rs::func::is_empty	missing	-	baseline
src/tokenizer/encoding.rs::func::len	missing	-	baseline
src/tokenizer/encoding.rs::func::merge_with	missing	-	baseline
src/tokenizer/encoding.rs::func::n_sequences	missing	-	baseline
src/tokenizer/encoding.rs::func::new	missing	-	baseline
src/tokenizer/encoding.rs::func::pad	missing	-	baseline
src/tokenizer/encoding.rs::func::set_overflowing	missing	-	baseline
src/tokenizer/encoding.rs::func::set_sequence_id	missing	-	baseline
src/tokenizer/encoding.rs::func::set_type_ids	missing	-	baseline
src/tokenizer/encoding.rs::func::take_overflowing	missing	-	baseline
src/tokenizer/encoding.rs::func::token_to_chars	missing	-	baseline
src/tokenizer/encoding.rs::func::token_to_sequence	missing	-	baseline
src/tokenizer/encoding.rs::func::token_to_word	missing	-	baseline
src/tokenizer/encoding.rs::func::truncate	missing	-	baseline
src/tokenizer/encoding.rs::func::with_capacity	missing	-	baseline
src/tokenizer/encoding.rs::func::word_to_chars	missing	-	baseline
src/tokenizer/encoding.rs::func::word_to_tokens	missing	-	baseline
src/tokenizer/encoding.rs::method::Encoding.new	missing	-	baseline
src/tokenizer/encoding.rs::struct::Encoding	missing	-	baseline
src/tokenizer/mod.rs::enum::DecodeStreamError	missing	-	baseline
src/tokenizer/mod.rs::enum::EncodeInput	missing	-	baseline
src/tokenizer/mod.rs::enum::InputSequence	missing	-	baseline
src/tokenizer/mod.rs::enum::ProcessorError	missing	-	baseline
src/tokenizer/mod.rs::func::add_special_tokens	missing	-	baseline
src/tokenizer/mod.rs::func::add_tokens	missing	-	baseline
src/tokenizer/mod.rs::func::build	missing	-	baseline
src/tokenizer/mod.rs::func::decode	missing	-	baseline
src/tokenizer/mod.rs::func::decode_batch	missing	-	baseline
src/tokenizer/mod.rs::func::decode_stream	missing	-	baseline
src/tokenizer/mod.rs::func::default_process	missing	-	baseline
src/tokenizer/mod.rs::func::get_added_tokens_decoder	missing	-	baseline
src/tokenizer/mod.rs::func::get_added_vocabulary	missing	-	baseline
src/tokenizer/mod.rs::func::get_decoder	missing	-	baseline
src/tokenizer/mod.rs::func::get_encode_special_tokens	missing	-	baseline
src/tokenizer/mod.rs::func::get_model	missing	-	baseline
src/tokenizer/mod.rs::func::get_normalizer	missing	-	baseline
src/tokenizer/mod.rs::func::get_padding	missing	-	baseline
src/tokenizer/mod.rs::func::get_padding_mut	missing	-	baseline
src/tokenizer/mod.rs::func::get_post_processor	missing	-	baseline
src/tokenizer/mod.rs::func::get_pre_tokenizer	missing	-	baseline
src/tokenizer/mod.rs::func::get_truncation	missing	-	baseline
src/tokenizer/mod.rs::func::get_truncation_mut	missing	-	baseline
src/tokenizer/mod.rs::func::get_vocab	missing	-	baseline
src/tokenizer/mod.rs::func::get_vocab_size	missing	-	baseline
src/tokenizer/mod.rs::func::id_to_token	missing	-	baseline
src/tokenizer/mod.rs::func::into_inner	missing	-	baseline
src/tokenizer/mod.rs::func::new	missing	-	baseline
src/tokenizer/mod.rs::func::post_process	missing	-	baseline
src/tokenizer/mod.rs::func::set_encode_special_tokens	missing	-	baseline
src/tokenizer/mod.rs::func::step	missing	-	baseline
src/tokenizer/mod.rs::func::to_string	missing	-	baseline
src/tokenizer/mod.rs::func::token_to_id	missing	-	baseline
src/tokenizer/mod.rs::func::with_added_vocabulary	missing	-	baseline
src/tokenizer/mod.rs::func::with_decoder	missing	-	baseline
src/tokenizer/mod.rs::func::with_model	missing	-	baseline
src/tokenizer/mod.rs::func::with_normalizer	missing	-	baseline
src/tokenizer/mod.rs::func::with_padding	missing	-	baseline
src/tokenizer/mod.rs::func::with_post_processor	missing	-	baseline
src/tokenizer/mod.rs::func::with_pre_tokenizer	missing	-	baseline
src/tokenizer/mod.rs::func::with_truncation	missing	-	baseline
src/tokenizer/mod.rs::method::Token.new	missing	-	baseline
src/tokenizer/mod.rs::method::Tokenizer.new	missing	-	baseline
src/tokenizer/mod.rs::method::TokenizerBuilder.new	missing	-	baseline
src/tokenizer/mod.rs::method::TokenizerImpl.add_special_tokens	missing	-	baseline
src/tokenizer/mod.rs::method::TokenizerImpl.new	missing	-	baseline
src/tokenizer/mod.rs::method::TokenizerImpl.post_process	missing	-	baseline
src/tokenizer/mod.rs::method::TokenizerImpl.to_string	missing	-	baseline
src/tokenizer/mod.rs::struct::BuilderError	missing	-	baseline
src/tokenizer/mod.rs::struct::DecodeStream	missing	-	baseline
src/tokenizer/mod.rs::struct::Token	missing	-	baseline
src/tokenizer/mod.rs::struct::Tokenizer	missing	-	baseline
src/tokenizer/mod.rs::struct::TokenizerBuilder	missing	-	baseline
src/tokenizer/mod.rs::struct::TokenizerImpl	missing	-	baseline
src/tokenizer/mod.rs::struct::TruncationParamError	missing	-	baseline
src/tokenizer/mod.rs::trait::Decoder	missing	-	baseline
src/tokenizer/mod.rs::trait::Model	missing	-	baseline
src/tokenizer/mod.rs::trait::Normalizer	missing	-	baseline
src/tokenizer/mod.rs::trait::PostProcessor	missing	-	baseline
src/tokenizer/mod.rs::trait::PreTokenizer	missing	-	baseline
src/tokenizer/mod.rs::trait::Trainer	missing	-	baseline
src/tokenizer/mod.rs::type::Error	missing	-	baseline
src/tokenizer/mod.rs::type::Offsets	missing	-	baseline
src/tokenizer/mod.rs::type::Result	missing	-	baseline
src/tokenizer/normalizer.rs::enum::OffsetReferential	missing	-	baseline
src/tokenizer/normalizer.rs::enum::Range	missing	-	baseline
src/tokenizer/normalizer.rs::enum::SplitDelimiterBehavior	missing	-	baseline
src/tokenizer/normalizer.rs::func::append	missing	-	baseline
src/tokenizer/normalizer.rs::func::bytes_to_char	missing	-	baseline
src/tokenizer/normalizer.rs::func::char_to_bytes	missing	-	baseline
src/tokenizer/normalizer.rs::func::clear	missing	-	baseline
src/tokenizer/normalizer.rs::func::get	missing	-	baseline
src/tokenizer/normalizer.rs::func::get_original	missing	-	baseline
src/tokenizer/normalizer.rs::func::into_full_range	missing	-	baseline
src/tokenizer/normalizer.rs::func::is_empty	missing	-	baseline
src/tokenizer/normalizer.rs::func::len	missing	-	baseline
src/tokenizer/normalizer.rs::func::len_original	missing	-	baseline
src/tokenizer/normalizer.rs::func::lowercase	missing	-	baseline
src/tokenizer/normalizer.rs::func::lstrip	missing	-	baseline
src/tokenizer/normalizer.rs::func::nfc	missing	-	baseline
src/tokenizer/normalizer.rs::func::nfd	missing	-	baseline
src/tokenizer/normalizer.rs::func::nfkc	missing	-	baseline
src/tokenizer/normalizer.rs::func::nfkd	missing	-	baseline
src/tokenizer/normalizer.rs::func::offsets_original	missing	-	baseline
src/tokenizer/normalizer.rs::func::prepend	missing	-	baseline
src/tokenizer/normalizer.rs::func::rstrip	missing	-	baseline
src/tokenizer/normalizer.rs::func::strip	missing	-	baseline
src/tokenizer/normalizer.rs::func::unwrap	missing	-	baseline
src/tokenizer/normalizer.rs::func::uppercase	missing	-	baseline
src/tokenizer/normalizer.rs::method::Range.unwrap	missing	-	baseline
src/tokenizer/normalizer.rs::struct::NormalizedString	missing	-	baseline
src/tokenizer/pattern.rs::struct::Invert	missing	-	baseline
src/tokenizer/pattern.rs::trait::Pattern	missing	-	baseline
src/tokenizer/pre_tokenizer.rs::enum::OffsetType	missing	-	baseline
src/tokenizer/pre_tokenizer.rs::func::convert	missing	-	baseline
src/tokenizer/pre_tokenizer.rs::func::get_splits	missing	-	baseline
src/tokenizer/pre_tokenizer.rs::func::into_encoding	missing	-	baseline
src/tokenizer/pre_tokenizer.rs::func::new	missing	-	baseline
src/tokenizer/pre_tokenizer.rs::method::BytesToCharOffsetConverter.new	missing	-	baseline
src/tokenizer/pre_tokenizer.rs::struct::PreTokenizedString	missing	-	baseline
src/tokenizer/pre_tokenizer.rs::struct::Split	missing	-	baseline
src/utils/fancy.rs::func::new	missing	-	baseline
src/utils/fancy.rs::struct::Matches	missing	-	baseline
src/utils/fancy.rs::struct::SysRegex	missing	-	baseline
src/utils/from_pretrained.rs::struct::FromPretrainedParameters	missing	-	baseline
src/utils/iter.rs::struct::Lines	missing	-	baseline
src/utils/iter.rs::struct::ResultShunt	missing	-	baseline
src/utils/iter.rs::trait::LinesWithEnding	missing	-	baseline
src/utils/onig.rs::func::new	missing	-	baseline
src/utils/onig.rs::struct::SysRegex	missing	-	baseline
src/utils/padding.rs::enum::PaddingDirection	missing	-	baseline
src/utils/padding.rs::enum::PaddingStrategy	missing	-	baseline
src/utils/padding.rs::func::pad_encodings	missing	-	baseline
src/utils/padding.rs::struct::PaddingParams	missing	-	baseline
src/utils/parallelism.rs::const::ENV_VARIABLE	missing	-	baseline
src/utils/parallelism.rs::func::get_parallelism	missing	-	baseline
src/utils/parallelism.rs::func::has_parallelism_been_used	missing	-	baseline
src/utils/parallelism.rs::func::is_parallelism_configured	missing	-	baseline
src/utils/parallelism.rs::func::set_parallelism	missing	-	baseline
src/utils/parallelism.rs::trait::MaybeParallelBridge	missing	-	baseline
src/utils/parallelism.rs::trait::MaybeParallelIterator	missing	-	baseline
src/utils/parallelism.rs::trait::MaybeParallelRefIterator	missing	-	baseline
src/utils/parallelism.rs::trait::MaybeParallelRefMutIterator	missing	-	baseline
src/utils/parallelism.rs::trait::MaybeParallelSlice	missing	-	baseline
src/utils/progress.rs::enum::ProgressFormat	missing	-	baseline
src/utils/progress.rs::func::default_bar	missing	-	baseline
src/utils/progress.rs::func::finish	missing	-	baseline
src/utils/progress.rs::func::inc	missing	-	baseline
src/utils/progress.rs::func::new	missing	-	baseline
src/utils/progress.rs::func::reset	missing	-	baseline
src/utils/progress.rs::func::set_length	missing	-	baseline
src/utils/progress.rs::func::set_message	missing	-	baseline
src/utils/progress.rs::func::set_style	missing	-	baseline
src/utils/progress.rs::func::template	missing	-	baseline
src/utils/progress.rs::method::ProgressBar.new	missing	-	baseline
src/utils/progress.rs::method::ProgressStyle.default_bar	missing	-	baseline
src/utils/progress.rs::struct::ProgressBar	missing	-	baseline
src/utils/progress.rs::struct::ProgressStyle	missing	-	baseline
src/utils/truncation.rs::enum::TruncationDirection	missing	-	baseline
src/utils/truncation.rs::enum::TruncationError	missing	-	baseline
src/utils/truncation.rs::enum::TruncationStrategy	missing	-	baseline
src/utils/truncation.rs::func::truncate_encodings	missing	-	baseline
src/utils/truncation.rs::struct::TruncationParams	missing	-	baseline
tests/common/mod.rs::func::get_bert	missing	-	baseline
tests/common/mod.rs::func::get_bert_wordpiece	missing	-	baseline
tests/common/mod.rs::func::get_byte_level	missing	-	baseline
tests/common/mod.rs::func::get_byte_level_bpe	missing	-	baseline
tests/common/mod.rs::func::get_empty	missing	-	baseline
