# source_id	kind	status	crystal_refs	notes
benches/bert_benchmark.rs::func::bench_bert	func	missing	-	auto-generated
benches/layout_benchmark.rs::func::bench_layout	func	missing	-	auto-generated
benches/llama3_benchmark.rs::func::llama3	func	missing	-	auto-generated
examples/unstable_wasm/src/lib.rs::func::tokenize	func	missing	-	auto-generated
examples/unstable_wasm/src/utils.rs::func::set_panic_hook	func	missing	-	auto-generated
src/decoders/bpe.rs::func::new	func	missing	-	auto-generated
src/decoders/bpe.rs::method::BPEDecoder.new	method	missing	-	auto-generated
src/decoders/bpe.rs::struct::BPEDecoder	struct	missing	-	auto-generated
src/decoders/byte_fallback.rs::func::new	func	missing	-	auto-generated
src/decoders/byte_fallback.rs::method::ByteFallback.new	method	missing	-	auto-generated
src/decoders/byte_fallback.rs::struct::ByteFallback	struct	missing	-	auto-generated
src/decoders/byte_fallback.rs::test::decode	test	missing	-	auto-generated
src/decoders/ctc.rs::func::new	func	missing	-	auto-generated
src/decoders/ctc.rs::method::CTC.new	method	missing	-	auto-generated
src/decoders/ctc.rs::struct::CTC	struct	missing	-	auto-generated
src/decoders/ctc.rs::test::another_librispeech_sample	test	missing	-	auto-generated
src/decoders/ctc.rs::test::handmade_sample	test	missing	-	auto-generated
src/decoders/ctc.rs::test::handmade_with_delimiter_sample	test	missing	-	auto-generated
src/decoders/ctc.rs::test::librispeech_sample	test	missing	-	auto-generated
src/decoders/fuse.rs::func::new	func	missing	-	auto-generated
src/decoders/fuse.rs::method::Fuse.new	method	missing	-	auto-generated
src/decoders/fuse.rs::struct::Fuse	struct	missing	-	auto-generated
src/decoders/fuse.rs::test::decode	test	missing	-	auto-generated
src/decoders/mod.rs::enum::DecoderHelper	enum	missing	-	auto-generated
src/decoders/mod.rs::enum::DecoderUntagged	enum	missing	-	auto-generated
src/decoders/mod.rs::enum::DecoderWrapper	enum	missing	-	auto-generated
src/decoders/mod.rs::enum::EnumType	enum	missing	-	auto-generated
src/decoders/mod.rs::struct::Tagged	struct	missing	-	auto-generated
src/decoders/mod.rs::test::decoder_serialization	test	missing	-	auto-generated
src/decoders/mod.rs::test::decoder_serialization_no_decode	test	missing	-	auto-generated
src/decoders/mod.rs::test::decoder_serialization_other_no_arg	test	missing	-	auto-generated
src/decoders/sequence.rs::func::get_decoders	func	missing	-	auto-generated
src/decoders/sequence.rs::func::get_decoders_mut	func	missing	-	auto-generated
src/decoders/sequence.rs::func::new	func	missing	-	auto-generated
src/decoders/sequence.rs::method::Sequence.new	method	missing	-	auto-generated
src/decoders/sequence.rs::struct::Sequence	struct	missing	-	auto-generated
src/decoders/sequence.rs::test::sequence_basic	test	missing	-	auto-generated
src/decoders/strip.rs::func::new	func	missing	-	auto-generated
src/decoders/strip.rs::method::Strip.new	method	missing	-	auto-generated
src/decoders/strip.rs::struct::Strip	struct	missing	-	auto-generated
src/decoders/strip.rs::test::decode	test	missing	-	auto-generated
src/decoders/wordpiece.rs::func::cleanup	func	missing	-	auto-generated
src/decoders/wordpiece.rs::func::new	func	missing	-	auto-generated
src/decoders/wordpiece.rs::method::WordPiece.new	method	missing	-	auto-generated
src/decoders/wordpiece.rs::struct::WordPiece	struct	missing	-	auto-generated
src/decoders/wordpiece.rs::test::wordpiece_decoder	test	missing	-	auto-generated
src/models/bpe/mod.rs::enum::Error	enum	missing	-	auto-generated
src/models/bpe/model.rs::func::build	func	missing	-	auto-generated
src/models/bpe/model.rs::func::builder	func	missing	-	auto-generated
src/models/bpe/model.rs::func::byte_fallback	func	missing	-	auto-generated
src/models/bpe/model.rs::func::cache_capacity	func	missing	-	auto-generated
src/models/bpe/model.rs::func::clear_cache	func	missing	-	auto-generated
src/models/bpe/model.rs::func::continuing_subword_prefix	func	missing	-	auto-generated
src/models/bpe/model.rs::func::dropout	func	missing	-	auto-generated
src/models/bpe/model.rs::func::end_of_word_suffix	func	missing	-	auto-generated
src/models/bpe/model.rs::func::files	func	missing	-	auto-generated
src/models/bpe/model.rs::func::from_file	func	missing	-	auto-generated
src/models/bpe/model.rs::func::fuse_unk	func	missing	-	auto-generated
src/models/bpe/model.rs::func::get_continuing_subword_prefix	func	missing	-	auto-generated
src/models/bpe/model.rs::func::get_unk_token	func	missing	-	auto-generated
src/models/bpe/model.rs::func::get_vocab	func	missing	-	auto-generated
src/models/bpe/model.rs::func::ignore_merges	func	missing	-	auto-generated
src/models/bpe/model.rs::func::new	func	missing	-	auto-generated
src/models/bpe/model.rs::func::read_file	func	missing	-	auto-generated
src/models/bpe/model.rs::func::resize_cache	func	missing	-	auto-generated
src/models/bpe/model.rs::func::unk_token	func	missing	-	auto-generated
src/models/bpe/model.rs::method::BPE.builder	method	missing	-	auto-generated
src/models/bpe/model.rs::method::BpeBuilder.new	method	missing	-	auto-generated
src/models/bpe/model.rs::struct::BPE	struct	missing	-	auto-generated
src/models/bpe/model.rs::struct::BpeBuilder	struct	missing	-	auto-generated
src/models/bpe/model.rs::test::test_bpe_byte_fallback	test	missing	-	auto-generated
src/models/bpe/model.rs::test::test_bpe_byte_fallback_newline	test	missing	-	auto-generated
src/models/bpe/model.rs::test::test_bpe_from_file	test	missing	-	auto-generated
src/models/bpe/model.rs::test::test_bpe_from_file_bad_merges	test	missing	-	auto-generated
src/models/bpe/model.rs::test::test_bpe_from_file_merge_token_oov	test	missing	-	auto-generated
src/models/bpe/model.rs::test::test_bpe_with_continuing_subword_prefix	test	missing	-	auto-generated
src/models/bpe/model.rs::test::test_bpe_with_dropout_0	test	missing	-	auto-generated
src/models/bpe/model.rs::test::test_cache_is_per_bpe_instance	test	missing	-	auto-generated
src/models/bpe/model.rs::test::test_ignore_merges	test	missing	-	auto-generated
src/models/bpe/model.rs::test::test_ordered_vocab_iter	test	missing	-	auto-generated
src/models/bpe/model.rs::test::test_tokenize_with_and_without_dropout	test	missing	-	auto-generated
src/models/bpe/model.rs::test::test_unk_get_fused	test	missing	-	auto-generated
src/models/bpe/model.rs::test::test_unk_not_fused	test	missing	-	auto-generated
src/models/bpe/model.rs::type::MergeMap	type	missing	-	auto-generated
src/models/bpe/model.rs::type::Merges	type	missing	-	auto-generated
src/models/bpe/model.rs::type::Vocab	type	missing	-	auto-generated
src/models/bpe/serialization.rs::test::test_serialization	test	missing	-	auto-generated
src/models/bpe/serialization.rs::test::test_serialization_ignore_merges	test	missing	-	auto-generated
src/models/bpe/trainer.rs::func::build	func	missing	-	auto-generated
src/models/bpe/trainer.rs::func::builder	func	missing	-	auto-generated
src/models/bpe/trainer.rs::func::continuing_subword_prefix	func	missing	-	auto-generated
src/models/bpe/trainer.rs::func::do_train	func	missing	-	auto-generated
src/models/bpe/trainer.rs::func::end_of_word_suffix	func	missing	-	auto-generated
src/models/bpe/trainer.rs::func::get_word_count	func	missing	-	auto-generated
src/models/bpe/trainer.rs::func::initial_alphabet	func	missing	-	auto-generated
src/models/bpe/trainer.rs::func::limit_alphabet	func	missing	-	auto-generated
src/models/bpe/trainer.rs::func::max_token_length	func	missing	-	auto-generated
src/models/bpe/trainer.rs::func::min_frequency	func	missing	-	auto-generated
src/models/bpe/trainer.rs::func::new	func	missing	-	auto-generated
src/models/bpe/trainer.rs::func::progress_format	func	missing	-	auto-generated
src/models/bpe/trainer.rs::func::show_progress	func	missing	-	auto-generated
src/models/bpe/trainer.rs::func::special_tokens	func	missing	-	auto-generated
src/models/bpe/trainer.rs::func::vocab_size	func	missing	-	auto-generated
src/models/bpe/trainer.rs::method::BpeTrainer.new	method	missing	-	auto-generated
src/models/bpe/trainer.rs::method::BpeTrainerBuilder.new	method	missing	-	auto-generated
src/models/bpe/trainer.rs::struct::BpeTrainer	struct	missing	-	auto-generated
src/models/bpe/trainer.rs::struct::BpeTrainerBuilder	struct	missing	-	auto-generated
src/models/bpe/trainer.rs::test::bpe_test_max_token_length_16	test	missing	-	auto-generated
src/models/bpe/trainer.rs::test::bpe_test_max_token_length_direct_assert	test	missing	-	auto-generated
src/models/bpe/trainer.rs::test::test_train	test	missing	-	auto-generated
src/models/bpe/word.rs::func::merge_with	func	missing	-	auto-generated
src/models/bpe/word.rs::method::Symbol.merge_with	method	missing	-	auto-generated
src/models/bpe/word.rs::test::test_merge	test	missing	-	auto-generated
src/models/bpe/word.rs::test::test_merge_max_length	test	missing	-	auto-generated
src/models/mod.rs::enum::EnumType	enum	missing	-	auto-generated
src/models/mod.rs::enum::ModelHelper	enum	missing	-	auto-generated
src/models/mod.rs::enum::ModelUntagged	enum	missing	-	auto-generated
src/models/mod.rs::enum::ModelWrapper	enum	missing	-	auto-generated
src/models/mod.rs::enum::TrainerWrapper	enum	missing	-	auto-generated
src/models/mod.rs::func::clear_cache	func	missing	-	auto-generated
src/models/mod.rs::func::resize_cache	func	missing	-	auto-generated
src/models/mod.rs::method::ModelWrapper.clear_cache	method	missing	-	auto-generated
src/models/mod.rs::struct::Tagged	struct	missing	-	auto-generated
src/models/mod.rs::test::incomplete_ordered_vocab	test	missing	-	auto-generated
src/models/mod.rs::test::serialization	test	missing	-	auto-generated
src/models/mod.rs::test::trainer_wrapper_train_model_wrapper	test	missing	-	auto-generated
src/models/unigram/lattice.rs::func::bos_node	func	missing	-	auto-generated
src/models/unigram/lattice.rs::func::eos_node	func	missing	-	auto-generated
src/models/unigram/lattice.rs::func::from	func	missing	-	auto-generated
src/models/unigram/lattice.rs::func::insert	func	missing	-	auto-generated
src/models/unigram/lattice.rs::func::is_empty	func	missing	-	auto-generated
src/models/unigram/lattice.rs::func::len	func	missing	-	auto-generated
src/models/unigram/lattice.rs::func::nbest	func	missing	-	auto-generated
src/models/unigram/lattice.rs::func::nbest_tokens	func	missing	-	auto-generated
src/models/unigram/lattice.rs::func::new	func	missing	-	auto-generated
src/models/unigram/lattice.rs::func::piece	func	missing	-	auto-generated
src/models/unigram/lattice.rs::func::populate_marginal	func	missing	-	auto-generated
src/models/unigram/lattice.rs::func::sample	func	missing	-	auto-generated
src/models/unigram/lattice.rs::func::sample_nbest	func	missing	-	auto-generated
src/models/unigram/lattice.rs::func::sample_token	func	missing	-	auto-generated
src/models/unigram/lattice.rs::func::sentence	func	missing	-	auto-generated
src/models/unigram/lattice.rs::func::surface	func	missing	-	auto-generated
src/models/unigram/lattice.rs::func::tokens	func	missing	-	auto-generated
src/models/unigram/lattice.rs::func::viterbi	func	missing	-	auto-generated
src/models/unigram/lattice.rs::method::Hypothesis.new	method	missing	-	auto-generated
src/models/unigram/lattice.rs::method::Lattice.from	method	missing	-	auto-generated
src/models/unigram/lattice.rs::method::Node.new	method	missing	-	auto-generated
src/models/unigram/lattice.rs::struct::Lattice	struct	missing	-	auto-generated
src/models/unigram/lattice.rs::struct::Node	struct	missing	-	auto-generated
src/models/unigram/lattice.rs::test::insert_test	test	missing	-	auto-generated
src/models/unigram/lattice.rs::test::set_sentence	test	missing	-	auto-generated
src/models/unigram/lattice.rs::test::test_log_sum_exp	test	missing	-	auto-generated
src/models/unigram/lattice.rs::test::test_nbest	test	missing	-	auto-generated
src/models/unigram/lattice.rs::test::test_populate	test	missing	-	auto-generated
src/models/unigram/lattice.rs::test::test_viterbi	test	missing	-	auto-generated
src/models/unigram/lattice.rs::test::test_viterbi2	test	missing	-	auto-generated
src/models/unigram/model.rs::enum::UnigramError	enum	missing	-	auto-generated
src/models/unigram/model.rs::func::byte_fallback	func	missing	-	auto-generated
src/models/unigram/model.rs::func::clear_cache	func	missing	-	auto-generated
src/models/unigram/model.rs::func::encode	func	missing	-	auto-generated
src/models/unigram/model.rs::func::from	func	missing	-	auto-generated
src/models/unigram/model.rs::func::iter	func	missing	-	auto-generated
src/models/unigram/model.rs::func::resize_cache	func	missing	-	auto-generated
src/models/unigram/model.rs::method::Unigram.from	method	missing	-	auto-generated
src/models/unigram/model.rs::struct::Unigram	struct	missing	-	auto-generated
src/models/unigram/model.rs::struct::UnigramIterator	struct	missing	-	auto-generated
src/models/unigram/model.rs::test::test_encode	test	missing	-	auto-generated
src/models/unigram/model.rs::test::test_encode2	test	missing	-	auto-generated
src/models/unigram/model.rs::test::test_populate_nodes	test	missing	-	auto-generated
src/models/unigram/model.rs::test::test_populate_nodes_unk	test	missing	-	auto-generated
src/models/unigram/model.rs::test::test_unigram_bytefallback	test	missing	-	auto-generated
src/models/unigram/serialization.rs::test::test_serialization	test	missing	-	auto-generated
src/models/unigram/serialization.rs::test::test_serialization_no_unk_id	test	missing	-	auto-generated
src/models/unigram/serialization.rs::test::test_serialization_unk_id_not_zero	test	missing	-	auto-generated
src/models/unigram/trainer.rs::enum::UnigramTrainerError	enum	missing	-	auto-generated
src/models/unigram/trainer.rs::func::builder	func	missing	-	auto-generated
src/models/unigram/trainer.rs::func::do_train	func	missing	-	auto-generated
src/models/unigram/trainer.rs::method::UnigramTrainer.builder	method	missing	-	auto-generated
src/models/unigram/trainer.rs::struct::UnigramTrainer	struct	missing	-	auto-generated
src/models/unigram/trainer.rs::test::test_initial_alphabet	test	missing	-	auto-generated
src/models/unigram/trainer.rs::test::test_special_tokens	test	missing	-	auto-generated
src/models/unigram/trainer.rs::test::test_to_log_prob	test	missing	-	auto-generated
src/models/unigram/trainer.rs::test::test_unigram_chars	test	missing	-	auto-generated
src/models/unigram/trainer.rs::test::test_unk_token	test	missing	-	auto-generated
src/models/unigram/trie.rs::func::build	func	missing	-	auto-generated
src/models/unigram/trie.rs::func::push	func	missing	-	auto-generated
src/models/unigram/trie.rs::method::Trie.push	method	missing	-	auto-generated
src/models/unigram/trie.rs::method::TrieBuilder.push	method	missing	-	auto-generated
src/models/unigram/trie.rs::struct::Node	struct	missing	-	auto-generated
src/models/unigram/trie.rs::struct::Trie	struct	missing	-	auto-generated
src/models/unigram/trie.rs::struct::TrieBuilder	struct	missing	-	auto-generated
src/models/unigram/trie.rs::struct::TrieIterator	struct	missing	-	auto-generated
src/models/wordlevel/mod.rs::enum::Error	enum	missing	-	auto-generated
src/models/wordlevel/mod.rs::func::build	func	missing	-	auto-generated
src/models/wordlevel/mod.rs::func::builder	func	missing	-	auto-generated
src/models/wordlevel/mod.rs::func::files	func	missing	-	auto-generated
src/models/wordlevel/mod.rs::func::from_file	func	missing	-	auto-generated
src/models/wordlevel/mod.rs::func::new	func	missing	-	auto-generated
src/models/wordlevel/mod.rs::func::read_file	func	missing	-	auto-generated
src/models/wordlevel/mod.rs::func::unk_token	func	missing	-	auto-generated
src/models/wordlevel/mod.rs::func::vocab	func	missing	-	auto-generated
src/models/wordlevel/mod.rs::method::WordLevel.builder	method	missing	-	auto-generated
src/models/wordlevel/mod.rs::method::WordLevelBuilder.new	method	missing	-	auto-generated
src/models/wordlevel/mod.rs::struct::WordLevel	struct	missing	-	auto-generated
src/models/wordlevel/mod.rs::struct::WordLevelBuilder	struct	missing	-	auto-generated
src/models/wordlevel/mod.rs::test::test_tokenize_missing_unk_token	test	missing	-	auto-generated
src/models/wordlevel/mod.rs::test::test_tokenize_unk	test	missing	-	auto-generated
src/models/wordlevel/serialization.rs::test::deserialization_should_fail	test	missing	-	auto-generated
src/models/wordlevel/serialization.rs::test::incomplete_vocab	test	missing	-	auto-generated
src/models/wordlevel/serialization.rs::test::serde	test	missing	-	auto-generated
src/models/wordlevel/trainer.rs::func::builder	func	missing	-	auto-generated
src/models/wordlevel/trainer.rs::method::WordLevelTrainer.builder	method	missing	-	auto-generated
src/models/wordlevel/trainer.rs::struct::WordLevelTrainer	struct	missing	-	auto-generated
src/models/wordlevel/trainer.rs::test::test_train	test	missing	-	auto-generated
src/models/wordpiece/mod.rs::enum::Error	enum	missing	-	auto-generated
src/models/wordpiece/mod.rs::func::build	func	missing	-	auto-generated
src/models/wordpiece/mod.rs::func::builder	func	missing	-	auto-generated
src/models/wordpiece/mod.rs::func::continuing_subword_prefix	func	missing	-	auto-generated
src/models/wordpiece/mod.rs::func::files	func	missing	-	auto-generated
src/models/wordpiece/mod.rs::func::from_bpe	func	missing	-	auto-generated
src/models/wordpiece/mod.rs::func::from_file	func	missing	-	auto-generated
src/models/wordpiece/mod.rs::func::max_input_chars_per_word	func	missing	-	auto-generated
src/models/wordpiece/mod.rs::func::new	func	missing	-	auto-generated
src/models/wordpiece/mod.rs::func::read_bytes	func	missing	-	auto-generated
src/models/wordpiece/mod.rs::func::read_file	func	missing	-	auto-generated
src/models/wordpiece/mod.rs::func::unk_token	func	missing	-	auto-generated
src/models/wordpiece/mod.rs::method::WordPiece.builder	method	missing	-	auto-generated
src/models/wordpiece/mod.rs::method::WordPieceBuilder.new	method	missing	-	auto-generated
src/models/wordpiece/mod.rs::struct::WordPiece	struct	missing	-	auto-generated
src/models/wordpiece/mod.rs::struct::WordPieceBuilder	struct	missing	-	auto-generated
src/models/wordpiece/mod.rs::test::test_error_display	test	missing	-	auto-generated
src/models/wordpiece/serialization.rs::test::deserialization_should_fail	test	missing	-	auto-generated
src/models/wordpiece/serialization.rs::test::serde	test	missing	-	auto-generated
src/models/wordpiece/trainer.rs::func::build	func	missing	-	auto-generated
src/models/wordpiece/trainer.rs::func::builder	func	missing	-	auto-generated
src/models/wordpiece/trainer.rs::func::continuing_subword_prefix	func	missing	-	auto-generated
src/models/wordpiece/trainer.rs::func::end_of_word_suffix	func	missing	-	auto-generated
src/models/wordpiece/trainer.rs::func::initial_alphabet	func	missing	-	auto-generated
src/models/wordpiece/trainer.rs::func::limit_alphabet	func	missing	-	auto-generated
src/models/wordpiece/trainer.rs::func::min_frequency	func	missing	-	auto-generated
src/models/wordpiece/trainer.rs::func::new	func	missing	-	auto-generated
src/models/wordpiece/trainer.rs::func::set_continuing_subword_prefix	func	missing	-	auto-generated
src/models/wordpiece/trainer.rs::func::set_end_of_word_suffix	func	missing	-	auto-generated
src/models/wordpiece/trainer.rs::func::set_initial_alphabet	func	missing	-	auto-generated
src/models/wordpiece/trainer.rs::func::set_limit_alphabet	func	missing	-	auto-generated
src/models/wordpiece/trainer.rs::func::set_min_frequency	func	missing	-	auto-generated
src/models/wordpiece/trainer.rs::func::set_show_progress	func	missing	-	auto-generated
src/models/wordpiece/trainer.rs::func::set_special_tokens	func	missing	-	auto-generated
src/models/wordpiece/trainer.rs::func::set_vocab_size	func	missing	-	auto-generated
src/models/wordpiece/trainer.rs::func::show_progress	func	missing	-	auto-generated
src/models/wordpiece/trainer.rs::func::special_tokens	func	missing	-	auto-generated
src/models/wordpiece/trainer.rs::func::train	func	missing	-	auto-generated
src/models/wordpiece/trainer.rs::func::vocab_size	func	missing	-	auto-generated
src/models/wordpiece/trainer.rs::method::WordPieceTrainer.min_frequency	method	missing	-	auto-generated
src/models/wordpiece/trainer.rs::method::WordPieceTrainerBuilder.new	method	missing	-	auto-generated
src/models/wordpiece/trainer.rs::struct::WordPieceTrainer	struct	missing	-	auto-generated
src/models/wordpiece/trainer.rs::struct::WordPieceTrainerBuilder	struct	missing	-	auto-generated
src/normalizers/bert.rs::func::new	func	missing	-	auto-generated
src/normalizers/bert.rs::method::BertNormalizer.new	method	missing	-	auto-generated
src/normalizers/bert.rs::struct::BertNormalizer	struct	missing	-	auto-generated
src/normalizers/byte_level.rs::func::alphabet	func	missing	-	auto-generated
src/normalizers/byte_level.rs::func::new	func	missing	-	auto-generated
src/normalizers/byte_level.rs::method::ByteLevel.new	method	missing	-	auto-generated
src/normalizers/byte_level.rs::struct::ByteLevel	struct	missing	-	auto-generated
src/normalizers/byte_level.rs::test::test_byte_level_normalize	test	missing	-	auto-generated
src/normalizers/mod.rs::enum::EnumType	enum	missing	-	auto-generated
src/normalizers/mod.rs::enum::NormalizerHelper	enum	missing	-	auto-generated
src/normalizers/mod.rs::enum::NormalizerUntagged	enum	missing	-	auto-generated
src/normalizers/mod.rs::enum::NormalizerWrapper	enum	missing	-	auto-generated
src/normalizers/mod.rs::struct::Tagged	struct	missing	-	auto-generated
src/normalizers/mod.rs::test::normalizer_serialization	test	missing	-	auto-generated
src/normalizers/mod.rs::test::post_processor_deserialization_no_type	test	missing	-	auto-generated
src/normalizers/precompiled.rs::test::expansion_followed_by_removal	test	missing	-	auto-generated
src/normalizers/prepend.rs::func::new	func	missing	-	auto-generated
src/normalizers/prepend.rs::method::Prepend.new	method	missing	-	auto-generated
src/normalizers/prepend.rs::struct::Prepend	struct	missing	-	auto-generated
src/normalizers/prepend.rs::test::test_prepend	test	missing	-	auto-generated
src/normalizers/replace.rs::enum::ReplacePattern	enum	missing	-	auto-generated
src/normalizers/replace.rs::struct::Replace	struct	missing	-	auto-generated
src/normalizers/replace.rs::test::serialization	test	missing	-	auto-generated
src/normalizers/replace.rs::test::test_replace	test	missing	-	auto-generated
src/normalizers/replace.rs::test::test_replace_decode	test	missing	-	auto-generated
src/normalizers/replace.rs::test::test_replace_regex	test	missing	-	auto-generated
src/normalizers/strip.rs::func::new	func	missing	-	auto-generated
src/normalizers/strip.rs::method::Strip.new	method	missing	-	auto-generated
src/normalizers/strip.rs::struct::Strip	struct	missing	-	auto-generated
src/normalizers/strip.rs::struct::StripAccents	struct	missing	-	auto-generated
src/normalizers/strip.rs::test::test_strip_accents	test	missing	-	auto-generated
src/normalizers/strip.rs::test::test_strip_accents_multiple	test	missing	-	auto-generated
src/normalizers/strip.rs::test::test_thai_bug	test	missing	-	auto-generated
src/normalizers/strip.rs::test::test_vietnamese_bug	test	missing	-	auto-generated
src/normalizers/unicode.rs::struct::NFC	struct	missing	-	auto-generated
src/normalizers/unicode.rs::struct::NFD	struct	missing	-	auto-generated
src/normalizers/unicode.rs::struct::NFKC	struct	missing	-	auto-generated
src/normalizers/unicode.rs::struct::NFKD	struct	missing	-	auto-generated
src/normalizers/unicode.rs::struct::Nmt	struct	missing	-	auto-generated
src/normalizers/unicode.rs::test::test_nfkc	test	missing	-	auto-generated
src/normalizers/utils.rs::func::new	func	missing	-	auto-generated
src/normalizers/utils.rs::method::Sequence.new	method	missing	-	auto-generated
src/normalizers/utils.rs::struct::Lowercase	struct	missing	-	auto-generated
src/normalizers/utils.rs::struct::Sequence	struct	missing	-	auto-generated
src/pre_tokenizers/bert.rs::struct::BertPreTokenizer	struct	missing	-	auto-generated
src/pre_tokenizers/bert.rs::test::basic	test	missing	-	auto-generated
src/pre_tokenizers/bert.rs::test::chinese_chars	test	missing	-	auto-generated
src/pre_tokenizers/byte_level.rs::func::add_prefix_space	func	missing	-	auto-generated
src/pre_tokenizers/byte_level.rs::func::alphabet	func	missing	-	auto-generated
src/pre_tokenizers/byte_level.rs::func::new	func	missing	-	auto-generated
src/pre_tokenizers/byte_level.rs::func::process_offsets	func	missing	-	auto-generated
src/pre_tokenizers/byte_level.rs::func::trim_offsets	func	missing	-	auto-generated
src/pre_tokenizers/byte_level.rs::func::use_regex	func	missing	-	auto-generated
src/pre_tokenizers/byte_level.rs::method::ByteLevel.new	method	missing	-	auto-generated
src/pre_tokenizers/byte_level.rs::struct::ByteLevel	struct	missing	-	auto-generated
src/pre_tokenizers/byte_level.rs::test::add_prefix_space	test	missing	-	auto-generated
src/pre_tokenizers/byte_level.rs::test::decode_unknown_characters	test	missing	-	auto-generated
src/pre_tokenizers/byte_level.rs::test::decode_works_on_separated_tokens	test	missing	-	auto-generated
src/pre_tokenizers/byte_level.rs::test::decoding	test	missing	-	auto-generated
src/pre_tokenizers/byte_level.rs::test::deserialization	test	missing	-	auto-generated
src/pre_tokenizers/byte_level.rs::test::handling_of_multiple_whitespaces	test	missing	-	auto-generated
src/pre_tokenizers/byte_level.rs::test::handling_of_newlines	test	missing	-	auto-generated
src/pre_tokenizers/byte_level.rs::test::offsets_when_char_split_up	test	missing	-	auto-generated
src/pre_tokenizers/byte_level.rs::test::pre_tokenization	test	missing	-	auto-generated
src/pre_tokenizers/byte_level.rs::test::pre_tokenization_no_regex	test	missing	-	auto-generated
src/pre_tokenizers/byte_level.rs::test::processor_trims_offsets	test	missing	-	auto-generated
src/pre_tokenizers/byte_level.rs::test::processor_trims_offsets_pre_tokenized	test	missing	-	auto-generated
src/pre_tokenizers/delimiter.rs::func::new	func	missing	-	auto-generated
src/pre_tokenizers/delimiter.rs::method::CharDelimiterSplit.new	method	missing	-	auto-generated
src/pre_tokenizers/delimiter.rs::struct::CharDelimiterSplit	struct	missing	-	auto-generated
src/pre_tokenizers/digits.rs::func::new	func	missing	-	auto-generated
src/pre_tokenizers/digits.rs::method::Digits.new	method	missing	-	auto-generated
src/pre_tokenizers/digits.rs::struct::Digits	struct	missing	-	auto-generated
src/pre_tokenizers/digits.rs::test::individual_digits	test	missing	-	auto-generated
src/pre_tokenizers/digits.rs::test::numbers	test	missing	-	auto-generated
src/pre_tokenizers/fixed_length.rs::func::new	func	missing	-	auto-generated
src/pre_tokenizers/fixed_length.rs::method::FixedLength.new	method	missing	-	auto-generated
src/pre_tokenizers/fixed_length.rs::struct::FixedLength	struct	missing	-	auto-generated
src/pre_tokenizers/fixed_length.rs::test::basic	test	missing	-	auto-generated
src/pre_tokenizers/fixed_length.rs::test::custom_length	test	missing	-	auto-generated
src/pre_tokenizers/fixed_length.rs::test::utf8_characters	test	missing	-	auto-generated
src/pre_tokenizers/metaspace.rs::enum::PrependScheme	enum	missing	-	auto-generated
src/pre_tokenizers/metaspace.rs::func::get_prepend_scheme	func	missing	-	auto-generated
src/pre_tokenizers/metaspace.rs::func::get_replacement	func	missing	-	auto-generated
src/pre_tokenizers/metaspace.rs::func::get_split	func	missing	-	auto-generated
src/pre_tokenizers/metaspace.rs::func::new	func	missing	-	auto-generated
src/pre_tokenizers/metaspace.rs::func::set_prepend_scheme	func	missing	-	auto-generated
src/pre_tokenizers/metaspace.rs::func::set_replacement	func	missing	-	auto-generated
src/pre_tokenizers/metaspace.rs::func::set_split	func	missing	-	auto-generated
src/pre_tokenizers/metaspace.rs::method::Metaspace.new	method	missing	-	auto-generated
src/pre_tokenizers/metaspace.rs::struct::Metaspace	struct	missing	-	auto-generated
src/pre_tokenizers/metaspace.rs::struct::MetaspaceHelper	struct	missing	-	auto-generated
src/pre_tokenizers/metaspace.rs::test::basic	test	missing	-	auto-generated
src/pre_tokenizers/metaspace.rs::test::decode	test	missing	-	auto-generated
src/pre_tokenizers/metaspace.rs::test::multiple_spaces	test	missing	-	auto-generated
src/pre_tokenizers/metaspace.rs::test::non_legacy_meta_space	test	missing	-	auto-generated
src/pre_tokenizers/metaspace.rs::test::serialization	test	missing	-	auto-generated
src/pre_tokenizers/mod.rs::enum::EnumType	enum	missing	-	auto-generated
src/pre_tokenizers/mod.rs::enum::PreTokenizerHelper	enum	missing	-	auto-generated
src/pre_tokenizers/mod.rs::enum::PreTokenizerUntagged	enum	missing	-	auto-generated
src/pre_tokenizers/mod.rs::enum::PreTokenizerWrapper	enum	missing	-	auto-generated
src/pre_tokenizers/mod.rs::struct::Tagged	struct	missing	-	auto-generated
src/pre_tokenizers/mod.rs::test::pre_tokenizer_deserialization_no_type	test	missing	-	auto-generated
src/pre_tokenizers/mod.rs::test::test_deserialize	test	missing	-	auto-generated
src/pre_tokenizers/mod.rs::test::test_deserialize_whitespace_split	test	missing	-	auto-generated
src/pre_tokenizers/punctuation.rs::func::new	func	missing	-	auto-generated
src/pre_tokenizers/punctuation.rs::method::Punctuation.new	method	missing	-	auto-generated
src/pre_tokenizers/punctuation.rs::struct::Punctuation	struct	missing	-	auto-generated
src/pre_tokenizers/punctuation.rs::test::deserialization	test	missing	-	auto-generated
src/pre_tokenizers/punctuation.rs::test::deserialization_erroneous	test	missing	-	auto-generated
src/pre_tokenizers/punctuation.rs::test::punctuation_basic	test	missing	-	auto-generated
src/pre_tokenizers/sequence.rs::func::new	func	missing	-	auto-generated
src/pre_tokenizers/sequence.rs::method::Sequence.new	method	missing	-	auto-generated
src/pre_tokenizers/sequence.rs::struct::Sequence	struct	missing	-	auto-generated
src/pre_tokenizers/sequence.rs::test::sequence_basic	test	missing	-	auto-generated
src/pre_tokenizers/split.rs::enum::SplitPattern	enum	missing	-	auto-generated
src/pre_tokenizers/split.rs::struct::Split	struct	missing	-	auto-generated
src/pre_tokenizers/split.rs::struct::SplitHelper	struct	missing	-	auto-generated
src/pre_tokenizers/split.rs::test::basic	test	missing	-	auto-generated
src/pre_tokenizers/split.rs::test::invert	test	missing	-	auto-generated
src/pre_tokenizers/split.rs::test::regex_string	test	missing	-	auto-generated
src/pre_tokenizers/split.rs::test::serialization	test	missing	-	auto-generated
src/pre_tokenizers/unicode_scripts/pre_tokenizer.rs::func::new	func	missing	-	auto-generated
src/pre_tokenizers/unicode_scripts/pre_tokenizer.rs::method::UnicodeScripts.new	method	missing	-	auto-generated
src/pre_tokenizers/unicode_scripts/pre_tokenizer.rs::struct::UnicodeScripts	struct	missing	-	auto-generated
src/pre_tokenizers/unicode_scripts/pre_tokenizer.rs::test::basic	test	missing	-	auto-generated
src/pre_tokenizers/unicode_scripts/pre_tokenizer.rs::test::spaces_are_included_in_every_script	test	missing	-	auto-generated
src/pre_tokenizers/unicode_scripts/pre_tokenizer.rs::test::test_unicode_script	test	missing	-	auto-generated
src/pre_tokenizers/unicode_scripts/scripts.rs::enum::Script	enum	missing	-	auto-generated
src/pre_tokenizers/unicode_scripts/scripts.rs::func::get_script	func	missing	-	auto-generated
src/pre_tokenizers/unicode_scripts/scripts.rs::test::test_unicode_script	test	missing	-	auto-generated
src/pre_tokenizers/whitespace.rs::struct::Whitespace	struct	missing	-	auto-generated
src/pre_tokenizers/whitespace.rs::struct::WhitespaceSplit	struct	missing	-	auto-generated
src/pre_tokenizers/whitespace.rs::test::basic	test	missing	-	auto-generated
src/pre_tokenizers/whitespace.rs::test::whitespace_split	test	missing	-	auto-generated
src/processors/bert.rs::enum::BertProcessorError	enum	missing	-	auto-generated
src/processors/bert.rs::func::get_cls_copy	func	missing	-	auto-generated
src/processors/bert.rs::func::get_sep_copy	func	missing	-	auto-generated
src/processors/bert.rs::func::new	func	missing	-	auto-generated
src/processors/bert.rs::method::BertProcessing.new	method	missing	-	auto-generated
src/processors/bert.rs::struct::BertProcessing	struct	missing	-	auto-generated
src/processors/bert.rs::test::bert_processing	test	missing	-	auto-generated
src/processors/bert.rs::test::serde	test	missing	-	auto-generated
src/processors/mod.rs::enum::PostProcessorWrapper	enum	missing	-	auto-generated
src/processors/mod.rs::test::deserialize_bert_roberta_correctly	test	missing	-	auto-generated
src/processors/mod.rs::test::post_processor_deserialization_no_type	test	missing	-	auto-generated
src/processors/roberta.rs::func::add_prefix_space	func	missing	-	auto-generated
src/processors/roberta.rs::func::get_cls_copy	func	missing	-	auto-generated
src/processors/roberta.rs::func::get_sep_copy	func	missing	-	auto-generated
src/processors/roberta.rs::func::new	func	missing	-	auto-generated
src/processors/roberta.rs::func::trim_offsets	func	missing	-	auto-generated
src/processors/roberta.rs::method::RobertaProcessing.new	method	missing	-	auto-generated
src/processors/roberta.rs::struct::RobertaProcessing	struct	missing	-	auto-generated
src/processors/roberta.rs::test::roberta_processing	test	missing	-	auto-generated
src/processors/roberta.rs::test::serde	test	missing	-	auto-generated
src/processors/sequence.rs::func::get	func	missing	-	auto-generated
src/processors/sequence.rs::func::get_mut	func	missing	-	auto-generated
src/processors/sequence.rs::func::new	func	missing	-	auto-generated
src/processors/sequence.rs::func::set_mut	func	missing	-	auto-generated
src/processors/sequence.rs::method::Sequence.new	method	missing	-	auto-generated
src/processors/sequence.rs::struct::Sequence	struct	missing	-	auto-generated
src/processors/sequence.rs::test::process_chain	test	missing	-	auto-generated
src/processors/template.rs::enum::Piece	enum	missing	-	auto-generated
src/processors/template.rs::enum::Sequence	enum	missing	-	auto-generated
src/processors/template.rs::func::builder	func	missing	-	auto-generated
src/processors/template.rs::func::get_added_pair	func	missing	-	auto-generated
src/processors/template.rs::func::get_added_single	func	missing	-	auto-generated
src/processors/template.rs::func::get_pair	func	missing	-	auto-generated
src/processors/template.rs::func::get_single	func	missing	-	auto-generated
src/processors/template.rs::func::get_special_tokens	func	missing	-	auto-generated
src/processors/template.rs::func::new	func	missing	-	auto-generated
src/processors/template.rs::func::set_added_pair	func	missing	-	auto-generated
src/processors/template.rs::func::set_added_single	func	missing	-	auto-generated
src/processors/template.rs::func::set_pair	func	missing	-	auto-generated
src/processors/template.rs::func::set_single	func	missing	-	auto-generated
src/processors/template.rs::func::set_special_tokens	func	missing	-	auto-generated
src/processors/template.rs::method::SpecialToken.new	method	missing	-	auto-generated
src/processors/template.rs::method::TemplateProcessing.builder	method	missing	-	auto-generated
src/processors/template.rs::method::TemplateProcessing.get_single	method	missing	-	auto-generated
src/processors/template.rs::struct::SpecialToken	struct	missing	-	auto-generated
src/processors/template.rs::struct::Template	struct	missing	-	auto-generated
src/processors/template.rs::struct::TemplateProcessing	struct	missing	-	auto-generated
src/processors/template.rs::struct::Tokens	struct	missing	-	auto-generated
src/processors/template.rs::test::expect_wrong_error_message	test	missing	-	auto-generated
src/processors/template.rs::test::missing_special_tokens	test	missing	-	auto-generated
src/processors/template.rs::test::pair_must_use_both_sequences	test	missing	-	auto-generated
src/processors/template.rs::test::piece	test	missing	-	auto-generated
src/processors/template.rs::test::piece_serde	test	missing	-	auto-generated
src/processors/template.rs::test::special_token_serde	test	missing	-	auto-generated
src/processors/template.rs::test::template_processing	test	missing	-	auto-generated
src/processors/template.rs::test::template_processing_overflowing	test	missing	-	auto-generated
src/processors/template.rs::test::template_processing_serde	test	missing	-	auto-generated
src/processors/template.rs::test::template_serde	test	missing	-	auto-generated
src/processors/template.rs::test::tokens_serde	test	missing	-	auto-generated
src/tokenizer/added_vocabulary.rs::func::get_added_tokens_decoder	func	missing	-	auto-generated
src/tokenizer/added_vocabulary.rs::func::get_encode_special_tokens	func	missing	-	auto-generated
src/tokenizer/added_vocabulary.rs::func::get_vocab	func	missing	-	auto-generated
src/tokenizer/added_vocabulary.rs::func::id_to_token	func	missing	-	auto-generated
src/tokenizer/added_vocabulary.rs::func::is_empty	func	missing	-	auto-generated
src/tokenizer/added_vocabulary.rs::func::is_special_token	func	missing	-	auto-generated
src/tokenizer/added_vocabulary.rs::func::len	func	missing	-	auto-generated
src/tokenizer/added_vocabulary.rs::func::lstrip	func	missing	-	auto-generated
src/tokenizer/added_vocabulary.rs::func::new	func	missing	-	auto-generated
src/tokenizer/added_vocabulary.rs::func::normalized	func	missing	-	auto-generated
src/tokenizer/added_vocabulary.rs::func::rstrip	func	missing	-	auto-generated
src/tokenizer/added_vocabulary.rs::func::set_encode_special_tokens	func	missing	-	auto-generated
src/tokenizer/added_vocabulary.rs::func::simple_id_to_token	func	missing	-	auto-generated
src/tokenizer/added_vocabulary.rs::func::single_word	func	missing	-	auto-generated
src/tokenizer/added_vocabulary.rs::func::special	func	missing	-	auto-generated
src/tokenizer/added_vocabulary.rs::func::token_to_id	func	missing	-	auto-generated
src/tokenizer/added_vocabulary.rs::method::AddedVocabulary.new	method	missing	-	auto-generated
src/tokenizer/added_vocabulary.rs::struct::AddedToken	struct	missing	-	auto-generated
src/tokenizer/added_vocabulary.rs::struct::AddedVocabulary	struct	missing	-	auto-generated
src/tokenizer/added_vocabulary.rs::test::byte_level_normalizer	test	missing	-	auto-generated
src/tokenizer/added_vocabulary.rs::test::can_add_special_tokens	test	missing	-	auto-generated
src/tokenizer/added_vocabulary.rs::test::can_add_tokens	test	missing	-	auto-generated
src/tokenizer/added_vocabulary.rs::test::can_extract_added_tokens	test	missing	-	auto-generated
src/tokenizer/added_vocabulary.rs::test::content_preserved_with_normalizer	test	missing	-	auto-generated
src/tokenizer/added_vocabulary.rs::test::empty_matches	test	missing	-	auto-generated
src/tokenizer/added_vocabulary.rs::test::options_use_cases	test	missing	-	auto-generated
src/tokenizer/added_vocabulary.rs::test::refresh_normalized_tokens_on_normalizer_change	test	missing	-	auto-generated
src/tokenizer/added_vocabulary.rs::test::test_encode_special_tokens	test	missing	-	auto-generated
src/tokenizer/added_vocabulary.rs::test::test_lstrip_unicode_space	test	missing	-	auto-generated
src/tokenizer/added_vocabulary.rs::test::test_single_word_is_correct	test	missing	-	auto-generated
src/tokenizer/added_vocabulary.rs::test::test_single_word_is_unicode_correct	test	missing	-	auto-generated
src/tokenizer/encoding.rs::func::char_to_token	func	missing	-	auto-generated
src/tokenizer/encoding.rs::func::char_to_word	func	missing	-	auto-generated
src/tokenizer/encoding.rs::func::from_tokens	func	missing	-	auto-generated
src/tokenizer/encoding.rs::func::get_attention_mask	func	missing	-	auto-generated
src/tokenizer/encoding.rs::func::get_ids	func	missing	-	auto-generated
src/tokenizer/encoding.rs::func::get_offsets	func	missing	-	auto-generated
src/tokenizer/encoding.rs::func::get_offsets_mut	func	missing	-	auto-generated
src/tokenizer/encoding.rs::func::get_overflowing	func	missing	-	auto-generated
src/tokenizer/encoding.rs::func::get_overflowing_mut	func	missing	-	auto-generated
src/tokenizer/encoding.rs::func::get_sequence_ids	func	missing	-	auto-generated
src/tokenizer/encoding.rs::func::get_special_tokens_mask	func	missing	-	auto-generated
src/tokenizer/encoding.rs::func::get_tokens	func	missing	-	auto-generated
src/tokenizer/encoding.rs::func::get_type_ids	func	missing	-	auto-generated
src/tokenizer/encoding.rs::func::get_word_ids	func	missing	-	auto-generated
src/tokenizer/encoding.rs::func::get_word_ids_mut	func	missing	-	auto-generated
src/tokenizer/encoding.rs::func::is_empty	func	missing	-	auto-generated
src/tokenizer/encoding.rs::func::len	func	missing	-	auto-generated
src/tokenizer/encoding.rs::func::merge_with	func	missing	-	auto-generated
src/tokenizer/encoding.rs::func::n_sequences	func	missing	-	auto-generated
src/tokenizer/encoding.rs::func::new	func	missing	-	auto-generated
src/tokenizer/encoding.rs::func::pad	func	missing	-	auto-generated
src/tokenizer/encoding.rs::func::set_overflowing	func	missing	-	auto-generated
src/tokenizer/encoding.rs::func::set_sequence_id	func	missing	-	auto-generated
src/tokenizer/encoding.rs::func::set_type_ids	func	missing	-	auto-generated
src/tokenizer/encoding.rs::func::take_overflowing	func	missing	-	auto-generated
src/tokenizer/encoding.rs::func::token_to_chars	func	missing	-	auto-generated
src/tokenizer/encoding.rs::func::token_to_sequence	func	missing	-	auto-generated
src/tokenizer/encoding.rs::func::token_to_word	func	missing	-	auto-generated
src/tokenizer/encoding.rs::func::truncate	func	missing	-	auto-generated
src/tokenizer/encoding.rs::func::with_capacity	func	missing	-	auto-generated
src/tokenizer/encoding.rs::func::word_to_chars	func	missing	-	auto-generated
src/tokenizer/encoding.rs::func::word_to_tokens	func	missing	-	auto-generated
src/tokenizer/encoding.rs::method::Encoding.new	method	missing	-	auto-generated
src/tokenizer/encoding.rs::struct::Encoding	struct	missing	-	auto-generated
src/tokenizer/encoding.rs::test::mappings	test	missing	-	auto-generated
src/tokenizer/encoding.rs::test::merge_encodings	test	missing	-	auto-generated
src/tokenizer/encoding.rs::test::padding	test	missing	-	auto-generated
src/tokenizer/encoding.rs::test::truncate	test	missing	-	auto-generated
src/tokenizer/encoding.rs::test::truncate_left	test	missing	-	auto-generated
src/tokenizer/encoding.rs::test::truncate_overflow_with_stride	test	missing	-	auto-generated
src/tokenizer/encoding.rs::test::truncate_to_empty	test	missing	-	auto-generated
src/tokenizer/mod.rs::enum::DecodeStreamError	enum	missing	-	auto-generated
src/tokenizer/mod.rs::enum::EncodeInput	enum	missing	-	auto-generated
src/tokenizer/mod.rs::enum::InputSequence	enum	missing	-	auto-generated
src/tokenizer/mod.rs::enum::ProcessorError	enum	missing	-	auto-generated
src/tokenizer/mod.rs::func::add_special_tokens	func	missing	-	auto-generated
src/tokenizer/mod.rs::func::add_tokens	func	missing	-	auto-generated
src/tokenizer/mod.rs::func::build	func	missing	-	auto-generated
src/tokenizer/mod.rs::func::decode	func	missing	-	auto-generated
src/tokenizer/mod.rs::func::decode_batch	func	missing	-	auto-generated
src/tokenizer/mod.rs::func::decode_stream	func	missing	-	auto-generated
src/tokenizer/mod.rs::func::default_process	func	missing	-	auto-generated
src/tokenizer/mod.rs::func::get_added_tokens_decoder	func	missing	-	auto-generated
src/tokenizer/mod.rs::func::get_added_vocabulary	func	missing	-	auto-generated
src/tokenizer/mod.rs::func::get_decoder	func	missing	-	auto-generated
src/tokenizer/mod.rs::func::get_encode_special_tokens	func	missing	-	auto-generated
src/tokenizer/mod.rs::func::get_model	func	missing	-	auto-generated
src/tokenizer/mod.rs::func::get_normalizer	func	missing	-	auto-generated
src/tokenizer/mod.rs::func::get_padding	func	missing	-	auto-generated
src/tokenizer/mod.rs::func::get_padding_mut	func	missing	-	auto-generated
src/tokenizer/mod.rs::func::get_post_processor	func	missing	-	auto-generated
src/tokenizer/mod.rs::func::get_pre_tokenizer	func	missing	-	auto-generated
src/tokenizer/mod.rs::func::get_truncation	func	missing	-	auto-generated
src/tokenizer/mod.rs::func::get_truncation_mut	func	missing	-	auto-generated
src/tokenizer/mod.rs::func::get_vocab	func	missing	-	auto-generated
src/tokenizer/mod.rs::func::get_vocab_size	func	missing	-	auto-generated
src/tokenizer/mod.rs::func::id_to_token	func	missing	-	auto-generated
src/tokenizer/mod.rs::func::into_inner	func	missing	-	auto-generated
src/tokenizer/mod.rs::func::new	func	missing	-	auto-generated
src/tokenizer/mod.rs::func::post_process	func	missing	-	auto-generated
src/tokenizer/mod.rs::func::set_encode_special_tokens	func	missing	-	auto-generated
src/tokenizer/mod.rs::func::step	func	missing	-	auto-generated
src/tokenizer/mod.rs::func::to_string	func	missing	-	auto-generated
src/tokenizer/mod.rs::func::token_to_id	func	missing	-	auto-generated
src/tokenizer/mod.rs::func::with_added_vocabulary	func	missing	-	auto-generated
src/tokenizer/mod.rs::func::with_decoder	func	missing	-	auto-generated
src/tokenizer/mod.rs::func::with_model	func	missing	-	auto-generated
src/tokenizer/mod.rs::func::with_normalizer	func	missing	-	auto-generated
src/tokenizer/mod.rs::func::with_padding	func	missing	-	auto-generated
src/tokenizer/mod.rs::func::with_post_processor	func	missing	-	auto-generated
src/tokenizer/mod.rs::func::with_pre_tokenizer	func	missing	-	auto-generated
src/tokenizer/mod.rs::func::with_truncation	func	missing	-	auto-generated
src/tokenizer/mod.rs::method::Token.new	method	missing	-	auto-generated
src/tokenizer/mod.rs::method::Tokenizer.new	method	missing	-	auto-generated
src/tokenizer/mod.rs::method::TokenizerBuilder.new	method	missing	-	auto-generated
src/tokenizer/mod.rs::method::TokenizerImpl.add_special_tokens	method	missing	-	auto-generated
src/tokenizer/mod.rs::method::TokenizerImpl.new	method	missing	-	auto-generated
src/tokenizer/mod.rs::method::TokenizerImpl.post_process	method	missing	-	auto-generated
src/tokenizer/mod.rs::method::TokenizerImpl.to_string	method	missing	-	auto-generated
src/tokenizer/mod.rs::struct::BuilderError	struct	missing	-	auto-generated
src/tokenizer/mod.rs::struct::DecodeStream	struct	missing	-	auto-generated
src/tokenizer/mod.rs::struct::Token	struct	missing	-	auto-generated
src/tokenizer/mod.rs::struct::Tokenizer	struct	missing	-	auto-generated
src/tokenizer/mod.rs::struct::TokenizerBuilder	struct	missing	-	auto-generated
src/tokenizer/mod.rs::struct::TokenizerImpl	struct	missing	-	auto-generated
src/tokenizer/mod.rs::struct::TruncationParamError	struct	missing	-	auto-generated
src/tokenizer/mod.rs::test::left_truncation_keeps_tail_tokens	test	missing	-	auto-generated
src/tokenizer/mod.rs::test::pair_only_first_does_not_truncate_second	test	missing	-	auto-generated
src/tokenizer/mod.rs::test::pair_only_second_does_not_truncate_first	test	missing	-	auto-generated
src/tokenizer/mod.rs::test::pair_right_truncation_longest_first	test	missing	-	auto-generated
src/tokenizer/mod.rs::test::right_truncation_early_exit_matches_full_encode	test	missing	-	auto-generated
src/tokenizer/mod.rs::trait::Decoder	trait	missing	-	auto-generated
src/tokenizer/mod.rs::trait::Model	trait	missing	-	auto-generated
src/tokenizer/mod.rs::trait::Normalizer	trait	missing	-	auto-generated
src/tokenizer/mod.rs::trait::PostProcessor	trait	missing	-	auto-generated
src/tokenizer/mod.rs::trait::PreTokenizer	trait	missing	-	auto-generated
src/tokenizer/mod.rs::trait::Trainer	trait	missing	-	auto-generated
src/tokenizer/mod.rs::type::Error	type	missing	-	auto-generated
src/tokenizer/mod.rs::type::Offsets	type	missing	-	auto-generated
src/tokenizer/mod.rs::type::Result	type	missing	-	auto-generated
src/tokenizer/normalizer.rs::enum::OffsetReferential	enum	missing	-	auto-generated
src/tokenizer/normalizer.rs::enum::Range	enum	missing	-	auto-generated
src/tokenizer/normalizer.rs::enum::SplitDelimiterBehavior	enum	missing	-	auto-generated
src/tokenizer/normalizer.rs::func::append	func	missing	-	auto-generated
src/tokenizer/normalizer.rs::func::bytes_to_char	func	missing	-	auto-generated
src/tokenizer/normalizer.rs::func::char_to_bytes	func	missing	-	auto-generated
src/tokenizer/normalizer.rs::func::clear	func	missing	-	auto-generated
src/tokenizer/normalizer.rs::func::get	func	missing	-	auto-generated
src/tokenizer/normalizer.rs::func::get_original	func	missing	-	auto-generated
src/tokenizer/normalizer.rs::func::into_full_range	func	missing	-	auto-generated
src/tokenizer/normalizer.rs::func::is_empty	func	missing	-	auto-generated
src/tokenizer/normalizer.rs::func::len	func	missing	-	auto-generated
src/tokenizer/normalizer.rs::func::len_original	func	missing	-	auto-generated
src/tokenizer/normalizer.rs::func::lowercase	func	missing	-	auto-generated
src/tokenizer/normalizer.rs::func::lstrip	func	missing	-	auto-generated
src/tokenizer/normalizer.rs::func::nfc	func	missing	-	auto-generated
src/tokenizer/normalizer.rs::func::nfd	func	missing	-	auto-generated
src/tokenizer/normalizer.rs::func::nfkc	func	missing	-	auto-generated
src/tokenizer/normalizer.rs::func::nfkd	func	missing	-	auto-generated
src/tokenizer/normalizer.rs::func::offsets_original	func	missing	-	auto-generated
src/tokenizer/normalizer.rs::func::prepend	func	missing	-	auto-generated
src/tokenizer/normalizer.rs::func::rstrip	func	missing	-	auto-generated
src/tokenizer/normalizer.rs::func::strip	func	missing	-	auto-generated
src/tokenizer/normalizer.rs::func::unwrap	func	missing	-	auto-generated
src/tokenizer/normalizer.rs::func::uppercase	func	missing	-	auto-generated
src/tokenizer/normalizer.rs::method::Range.unwrap	method	missing	-	auto-generated
src/tokenizer/normalizer.rs::struct::NormalizedString	struct	missing	-	auto-generated
src/tokenizer/normalizer.rs::test::added_around_edges	test	missing	-	auto-generated
src/tokenizer/normalizer.rs::test::added_characters_alignment	test	missing	-	auto-generated
src/tokenizer/normalizer.rs::test::append	test	missing	-	auto-generated
src/tokenizer/normalizer.rs::test::get_range	test	missing	-	auto-generated
src/tokenizer/normalizer.rs::test::lstrip	test	missing	-	auto-generated
src/tokenizer/normalizer.rs::test::mixed_addition_and_removal	test	missing	-	auto-generated
src/tokenizer/normalizer.rs::test::nfd_adds_new_chars	test	missing	-	auto-generated
src/tokenizer/normalizer.rs::test::original_range	test	missing	-	auto-generated
src/tokenizer/normalizer.rs::test::prepend	test	missing	-	auto-generated
src/tokenizer/normalizer.rs::test::range_conversion	test	missing	-	auto-generated
src/tokenizer/normalizer.rs::test::remove_at_beginning	test	missing	-	auto-generated
src/tokenizer/normalizer.rs::test::remove_at_end	test	missing	-	auto-generated
src/tokenizer/normalizer.rs::test::remove_chars	test	missing	-	auto-generated
src/tokenizer/normalizer.rs::test::remove_chars_added_by_nfd	test	missing	-	auto-generated
src/tokenizer/normalizer.rs::test::removed_around_both_edges	test	missing	-	auto-generated
src/tokenizer/normalizer.rs::test::replace	test	missing	-	auto-generated
src/tokenizer/normalizer.rs::test::rstrip	test	missing	-	auto-generated
src/tokenizer/normalizer.rs::test::slice	test	missing	-	auto-generated
src/tokenizer/normalizer.rs::test::split	test	missing	-	auto-generated
src/tokenizer/normalizer.rs::test::strip	test	missing	-	auto-generated
src/tokenizer/normalizer.rs::test::strip_unicode	test	missing	-	auto-generated
src/tokenizer/normalizer.rs::test::test_append_after_clear	test	missing	-	auto-generated
src/tokenizer/normalizer.rs::test::test_len_range_exclusive	test	missing	-	auto-generated
src/tokenizer/normalizer.rs::test::test_len_range_inclusive	test	missing	-	auto-generated
src/tokenizer/normalizer.rs::test::transform_check	test	missing	-	auto-generated
src/tokenizer/normalizer.rs::test::transform_range_multiple_bytes	test	missing	-	auto-generated
src/tokenizer/normalizer.rs::test::transform_range_single_bytes	test	missing	-	auto-generated
src/tokenizer/pattern.rs::struct::Invert	struct	missing	-	auto-generated
src/tokenizer/pattern.rs::test::char	test	missing	-	auto-generated
src/tokenizer/pattern.rs::test::functions	test	missing	-	auto-generated
src/tokenizer/pattern.rs::test::regex	test	missing	-	auto-generated
src/tokenizer/pattern.rs::test::str	test	missing	-	auto-generated
src/tokenizer/pattern.rs::test::sys_regex	test	missing	-	auto-generated
src/tokenizer/pattern.rs::trait::Pattern	trait	missing	-	auto-generated
src/tokenizer/pre_tokenizer.rs::enum::OffsetType	enum	missing	-	auto-generated
src/tokenizer/pre_tokenizer.rs::func::convert	func	missing	-	auto-generated
src/tokenizer/pre_tokenizer.rs::func::get_splits	func	missing	-	auto-generated
src/tokenizer/pre_tokenizer.rs::func::into_encoding	func	missing	-	auto-generated
src/tokenizer/pre_tokenizer.rs::func::new	func	missing	-	auto-generated
src/tokenizer/pre_tokenizer.rs::method::BytesToCharOffsetConverter.new	method	missing	-	auto-generated
src/tokenizer/pre_tokenizer.rs::struct::PreTokenizedString	struct	missing	-	auto-generated
src/tokenizer/pre_tokenizer.rs::struct::Split	struct	missing	-	auto-generated
src/tokenizer/serialization.rs::test::test_deserialization_serialization_invariant	test	missing	-	auto-generated
src/tokenizer/serialization.rs::test::test_from_pretrained	test	missing	-	auto-generated
src/utils/fancy.rs::func::new	func	missing	-	auto-generated
src/utils/fancy.rs::struct::Matches	struct	missing	-	auto-generated
src/utils/fancy.rs::struct::SysRegex	struct	missing	-	auto-generated
src/utils/from_pretrained.rs::struct::FromPretrainedParameters	struct	missing	-	auto-generated
src/utils/iter.rs::struct::Lines	struct	missing	-	auto-generated
src/utils/iter.rs::struct::ResultShunt	struct	missing	-	auto-generated
src/utils/iter.rs::trait::LinesWithEnding	trait	missing	-	auto-generated
src/utils/onig.rs::func::new	func	missing	-	auto-generated
src/utils/onig.rs::struct::SysRegex	struct	missing	-	auto-generated
src/utils/padding.rs::enum::PaddingDirection	enum	missing	-	auto-generated
src/utils/padding.rs::enum::PaddingStrategy	enum	missing	-	auto-generated
src/utils/padding.rs::func::pad_encodings	func	missing	-	auto-generated
src/utils/padding.rs::struct::PaddingParams	struct	missing	-	auto-generated
src/utils/padding.rs::test::pad_to_multiple	test	missing	-	auto-generated
src/utils/parallelism.rs::const::ENV_VARIABLE	const	missing	-	auto-generated
src/utils/parallelism.rs::func::get_parallelism	func	missing	-	auto-generated
src/utils/parallelism.rs::func::has_parallelism_been_used	func	missing	-	auto-generated
src/utils/parallelism.rs::func::is_parallelism_configured	func	missing	-	auto-generated
src/utils/parallelism.rs::func::set_parallelism	func	missing	-	auto-generated
src/utils/parallelism.rs::test::test_maybe_parallel_iterator	test	missing	-	auto-generated
src/utils/parallelism.rs::test::test_maybe_parallel_slice	test	missing	-	auto-generated
src/utils/parallelism.rs::trait::MaybeParallelBridge	trait	missing	-	auto-generated
src/utils/parallelism.rs::trait::MaybeParallelIterator	trait	missing	-	auto-generated
src/utils/parallelism.rs::trait::MaybeParallelRefIterator	trait	missing	-	auto-generated
src/utils/parallelism.rs::trait::MaybeParallelRefMutIterator	trait	missing	-	auto-generated
src/utils/parallelism.rs::trait::MaybeParallelSlice	trait	missing	-	auto-generated
src/utils/progress.rs::enum::ProgressFormat	enum	missing	-	auto-generated
src/utils/progress.rs::func::default_bar	func	missing	-	auto-generated
src/utils/progress.rs::func::finish	func	missing	-	auto-generated
src/utils/progress.rs::func::inc	func	missing	-	auto-generated
src/utils/progress.rs::func::new	func	missing	-	auto-generated
src/utils/progress.rs::func::reset	func	missing	-	auto-generated
src/utils/progress.rs::func::set_length	func	missing	-	auto-generated
src/utils/progress.rs::func::set_message	func	missing	-	auto-generated
src/utils/progress.rs::func::set_style	func	missing	-	auto-generated
src/utils/progress.rs::func::template	func	missing	-	auto-generated
src/utils/progress.rs::method::ProgressBar.new	method	missing	-	auto-generated
src/utils/progress.rs::method::ProgressStyle.default_bar	method	missing	-	auto-generated
src/utils/progress.rs::struct::ProgressBar	struct	missing	-	auto-generated
src/utils/progress.rs::struct::ProgressStyle	struct	missing	-	auto-generated
src/utils/truncation.rs::enum::TruncationDirection	enum	missing	-	auto-generated
src/utils/truncation.rs::enum::TruncationError	enum	missing	-	auto-generated
src/utils/truncation.rs::enum::TruncationStrategy	enum	missing	-	auto-generated
src/utils/truncation.rs::func::truncate_encodings	func	missing	-	auto-generated
src/utils/truncation.rs::struct::TruncationParams	struct	missing	-	auto-generated
src/utils/truncation.rs::test::test_deserialize_defaults	test	missing	-	auto-generated
src/utils/truncation.rs::test::truncate_encodings_empty	test	missing	-	auto-generated
src/utils/truncation.rs::test::truncate_encodings_longest_first	test	missing	-	auto-generated
tests/added_tokens.rs::test::add_tokens	test	missing	-	auto-generated
tests/added_tokens.rs::test::lstrip_tokens	test	missing	-	auto-generated
tests/added_tokens.rs::test::overlapping_tokens	test	missing	-	auto-generated
tests/added_tokens.rs::test::rstrip_tokens	test	missing	-	auto-generated
tests/added_tokens.rs::test::single_word_tokens	test	missing	-	auto-generated
tests/common/mod.rs::func::get_bert	func	missing	-	auto-generated
tests/common/mod.rs::func::get_bert_wordpiece	func	missing	-	auto-generated
tests/common/mod.rs::func::get_byte_level	func	missing	-	auto-generated
tests/common/mod.rs::func::get_byte_level_bpe	func	missing	-	auto-generated
tests/common/mod.rs::func::get_empty	func	missing	-	auto-generated
tests/documentation.rs::test::load_tokenizer	test	missing	-	auto-generated
tests/documentation.rs::test::pipeline	test	missing	-	auto-generated
tests/documentation.rs::test::pipeline_bert	test	missing	-	auto-generated
tests/documentation.rs::test::quicktour	test	missing	-	auto-generated
tests/documentation.rs::test::quicktour_slow_train	test	missing	-	auto-generated
tests/documentation.rs::test::streaming_tokenizer	test	missing	-	auto-generated
tests/documentation.rs::test::train_pipeline_bert	test	missing	-	auto-generated
tests/documentation.rs::test::train_tokenizer	test	missing	-	auto-generated
tests/from_pretrained.rs::test::test_from_pretrained	test	missing	-	auto-generated
tests/from_pretrained.rs::test::test_from_pretrained_invalid_model	test	missing	-	auto-generated
tests/from_pretrained.rs::test::test_from_pretrained_invalid_revision	test	missing	-	auto-generated
tests/from_pretrained.rs::test::test_from_pretrained_revision	test	missing	-	auto-generated
tests/offsets.rs::test::byte_level_basic	test	missing	-	auto-generated
tests/offsets.rs::test::byte_level_double_sequence	test	missing	-	auto-generated
tests/offsets.rs::test::byte_level_pre_tokenized_sequence	test	missing	-	auto-generated
tests/offsets.rs::test::byte_level_pre_tokenized_sequence_with_trimming	test	missing	-	auto-generated
tests/offsets.rs::test::byte_level_unicode	test	missing	-	auto-generated
tests/offsets.rs::test::split_on_added_tokens_bert	test	missing	-	auto-generated
tests/serialization.rs::test::bpe_serde	test	missing	-	auto-generated
tests/serialization.rs::test::bpe_with_dropout_serde	test	missing	-	auto-generated
tests/serialization.rs::test::decoders	test	missing	-	auto-generated
tests/serialization.rs::test::models	test	missing	-	auto-generated
tests/serialization.rs::test::normalizers	test	missing	-	auto-generated
tests/serialization.rs::test::pretoks	test	missing	-	auto-generated
tests/serialization.rs::test::processors	test	missing	-	auto-generated
tests/serialization.rs::test::test_deserialize_long_file	test	missing	-	auto-generated
tests/serialization.rs::test::tokenizer	test	missing	-	auto-generated
tests/serialization.rs::test::wordlevel_serde	test	missing	-	auto-generated
tests/serialization.rs::test::wordpiece_serde	test	missing	-	auto-generated
tests/stream.rs::test::test_decode_stream_step_no_panic	test	missing	-	auto-generated
tests/stream.rs::test::test_decoding_with_added_bpe	test	missing	-	auto-generated
tests/training.rs::test::bpe_continuing_subword_prefix_error	test	missing	-	auto-generated
tests/training.rs::test::bpe_values_after_training	test	missing	-	auto-generated
tests/unigram.rs::test::test_sample	test	missing	-	auto-generated
tests/unigram.rs::test::test_train_unigram_from_file	test	missing	-	auto-generated
tests/unigram.rs::test::test_unigram_from_file	test	missing	-	auto-generated
